"","influenza_type","date","wwtp","total_cases","measuring_period","daily_cases","date_2","is_observation"
"1","A",2022-10-06,"BASEL",1.00000000209,"2022/23",0.142857143155714,2022-10-06,TRUE
"2",NA,2022-10-07,NA,NA,NA,0.166655006350648,NA,NA
"3",NA,2022-10-08,NA,NA,NA,0.18960651405234,NA,NA
"4",NA,2022-10-09,NA,NA,NA,0.210865310767548,NA,NA
"5",NA,2022-10-10,NA,NA,NA,0.229585041003032,NA,NA
"6",NA,2022-10-11,NA,NA,NA,0.244919349265548,NA,NA
"7",NA,2022-10-12,NA,NA,NA,0.256021880061856,NA,NA
"8","A",2022-10-13,"BASEL",1.834323945291,"2022/23",0.262046277898714,2022-10-13,TRUE
"9",NA,2022-10-14,NA,NA,NA,0.262713096855544,NA,NA
"10",NA,2022-10-15,NA,NA,NA,0.260010529302422,NA,NA
"11",NA,2022-10-16,NA,NA,NA,0.256493677182087,NA,NA
"12",NA,2022-10-17,NA,NA,NA,0.254717642437281,NA,NA
"13",NA,2022-10-18,NA,NA,NA,0.257237527010743,NA,NA
"14",NA,2022-10-19,NA,NA,NA,0.266608432845212,NA,NA
"15","A",2022-10-20,"BASEL",1.997698233184,"2022/23",0.285385461883429,2022-10-20,TRUE
"16",NA,2022-10-21,NA,NA,NA,0.315176895262793,NA,NA
"17",NA,2022-10-22,NA,NA,NA,0.353803730899342,NA,NA
"18",NA,2022-10-23,NA,NA,NA,0.398140145903774,NA,NA
"19",NA,2022-10-24,NA,NA,NA,0.445060317386787,NA,NA
"20",NA,2022-10-25,NA,NA,NA,0.491438422459078,NA,NA
"21",NA,2022-10-26,NA,NA,NA,0.534148638231345,NA,NA
"22","A",2022-10-27,"BASEL",3.9904559927,"2022/23",0.570065141814286,2022-10-27,TRUE
"23",NA,2022-10-28,NA,NA,NA,0.597033074051413,NA,NA
"24",NA,2022-10-29,NA,NA,NA,0.616781430717504,NA,NA
"25",NA,2022-10-30,NA,NA,NA,0.632010171320147,NA,NA
"26",NA,2022-10-31,NA,NA,NA,0.645419255366934,NA,NA
"27",NA,2022-11-01,NA,NA,NA,0.659708642365457,NA,NA
"28",NA,2022-11-02,NA,NA,NA,0.677578291823306,NA,NA
"29","A",2022-11-03,"BASEL",4.9120971427365,"2022/23",0.701728163248071,2022-11-03,TRUE
"30",NA,2022-11-04,NA,NA,NA,0.734059800553461,NA,NA
"31",NA,2022-11-05,NA,NA,NA,0.773281085277643,NA,NA
"32",NA,2022-11-06,NA,NA,NA,0.817301483364903,NA,NA
"33",NA,2022-11-07,NA,NA,NA,0.864030460759527,NA,NA
"34",NA,2022-11-08,NA,NA,NA,0.911377483405799,NA,NA
"35",NA,2022-11-09,NA,NA,NA,0.957252017248004,NA,NA
"36","A",2022-11-10,"BASEL",6.996944697613,"2022/23",0.999563528230429,2022-11-10,TRUE
"37",NA,2022-11-11,NA,NA,NA,1.03695601947879,NA,NA
"38",NA,2022-11-12,NA,NA,NA,1.0710116428445,NA,NA
"39",NA,2022-11-13,NA,NA,NA,1.10404708736044,NA,NA
"40",NA,2022-11-14,NA,NA,NA,1.13837904205945,NA,NA
"41",NA,2022-11-15,NA,NA,NA,1.17632419597439,NA,NA
"42",NA,2022-11-16,NA,NA,NA,1.22019923813812,NA,NA
"43","A",2022-11-17,"BASEL",8.9062460030845,"2022/23",1.2723208575835,2022-11-17,TRUE
"44",NA,2022-11-18,NA,NA,NA,1.33436812216375,NA,NA
"45",NA,2022-11-19,NA,NA,NA,1.40546961501357,NA,NA
"46",NA,2022-11-20,NA,NA,NA,1.48411629808804,NA,NA
"47",NA,2022-11-21,NA,NA,NA,1.56879913334223,NA,NA
"48",NA,2022-11-22,NA,NA,NA,1.6580090827312,NA,NA
"49",NA,2022-11-23,NA,NA,NA,1.75023710821003,NA,NA
"50","A",2022-11-24,"BASEL",12.9078192021365,"2022/23",1.84397417173379,2022-11-24,TRUE
"51","B",2022-10-06,"BASEL",0,"2022/23",0,2022-10-06,TRUE
"52",NA,2022-10-07,NA,NA,NA,0,NA,NA
"53",NA,2022-10-08,NA,NA,NA,0,NA,NA
"54",NA,2022-10-09,NA,NA,NA,0,NA,NA
"55",NA,2022-10-10,NA,NA,NA,0,NA,NA
"56",NA,2022-10-11,NA,NA,NA,0,NA,NA
"57",NA,2022-10-12,NA,NA,NA,0,NA,NA
"58","B",2022-10-13,"BASEL",0,"2022/23",0,2022-10-13,TRUE
"59",NA,2022-10-14,NA,NA,NA,0,NA,NA
"60",NA,2022-10-15,NA,NA,NA,0,NA,NA
"61",NA,2022-10-16,NA,NA,NA,0,NA,NA
"62",NA,2022-10-17,NA,NA,NA,0,NA,NA
"63",NA,2022-10-18,NA,NA,NA,0,NA,NA
"64",NA,2022-10-19,NA,NA,NA,0,NA,NA
"65","B",2022-10-20,"BASEL",0,"2022/23",0,2022-10-20,TRUE
"66",NA,2022-10-21,NA,NA,NA,0,NA,NA
"67",NA,2022-10-22,NA,NA,NA,0,NA,NA
"68",NA,2022-10-23,NA,NA,NA,0,NA,NA
"69",NA,2022-10-24,NA,NA,NA,0,NA,NA
"70",NA,2022-10-25,NA,NA,NA,0,NA,NA
"71",NA,2022-10-26,NA,NA,NA,0,NA,NA
"72","B",2022-10-27,"BASEL",0,"2022/23",0,2022-10-27,TRUE
"73",NA,2022-10-28,NA,NA,NA,0,NA,NA
"74",NA,2022-10-29,NA,NA,NA,0,NA,NA
"75",NA,2022-10-30,NA,NA,NA,0,NA,NA
"76",NA,2022-10-31,NA,NA,NA,0,NA,NA
"77",NA,2022-11-01,NA,NA,NA,0,NA,NA
"78",NA,2022-11-02,NA,NA,NA,0,NA,NA
"79","B",2022-11-03,"BASEL",0,"2022/23",0,2022-11-03,TRUE
"80",NA,2022-11-04,NA,NA,NA,0,NA,NA
"81",NA,2022-11-05,NA,NA,NA,0,NA,NA
"82",NA,2022-11-06,NA,NA,NA,0,NA,NA
"83",NA,2022-11-07,NA,NA,NA,0,NA,NA
"84",NA,2022-11-08,NA,NA,NA,0,NA,NA
"85",NA,2022-11-09,NA,NA,NA,0,NA,NA
"86","B",2022-11-10,"BASEL",0,"2022/23",0,2022-11-10,TRUE
"87",NA,2022-11-11,NA,NA,NA,0,NA,NA
"88",NA,2022-11-12,NA,NA,NA,0,NA,NA
"89",NA,2022-11-13,NA,NA,NA,0,NA,NA
"90",NA,2022-11-14,NA,NA,NA,0,NA,NA
"91",NA,2022-11-15,NA,NA,NA,0,NA,NA
"92",NA,2022-11-16,NA,NA,NA,0,NA,NA
"93","B",2022-11-17,"BASEL",0,"2022/23",0,2022-11-17,TRUE
"94",NA,2022-11-18,NA,NA,NA,0,NA,NA
"95",NA,2022-11-19,NA,NA,NA,0,NA,NA
"96",NA,2022-11-20,NA,NA,NA,0,NA,NA
"97",NA,2022-11-21,NA,NA,NA,0,NA,NA
"98",NA,2022-11-22,NA,NA,NA,0,NA,NA
"99",NA,2022-11-23,NA,NA,NA,0,NA,NA
"100","B",2022-11-24,"BASEL",0,"2022/23",0,2022-11-24,TRUE
"101","A",2022-10-06,"BIOGGIO(LUGANO)",0.0173304774227,"2022/23",0.00247578248895714,2022-10-06,TRUE
"102",NA,2022-10-07,NA,NA,NA,0,NA,NA
"103",NA,2022-10-08,NA,NA,NA,0,NA,NA
"104",NA,2022-10-09,NA,NA,NA,0,NA,NA
"105",NA,2022-10-10,NA,NA,NA,0,NA,NA
"106",NA,2022-10-11,NA,NA,NA,0,NA,NA
"107",NA,2022-10-12,NA,NA,NA,0,NA,NA
"108","A",2022-10-13,"BIOGGIO(LUGANO)",0,"2022/23",0,2022-10-13,TRUE
"109",NA,2022-10-14,NA,NA,NA,0.02477030537966,NA,NA
"110",NA,2022-10-15,NA,NA,NA,0.05468290687918,NA,NA
"111",NA,2022-10-16,NA,NA,NA,0.0857799984037732,NA,NA
"112",NA,2022-10-17,NA,NA,NA,0.114103773858653,NA,NA
"113",NA,2022-10-18,NA,NA,NA,0.135696427149032,NA,NA
"114",NA,2022-10-19,NA,NA,NA,0.146600152180124,NA,NA
"115","A",2022-10-20,"BIOGGIO(LUGANO)",1,"2022/23",0.142857142857143,2022-10-20,TRUE
"116",NA,2022-10-21,NA,NA,NA,0.122334398322268,NA,NA
"117",NA,2022-10-22,NA,NA,NA,0.0901981386655517,NA,NA
"118",NA,2022-10-23,NA,NA,NA,0.0534393892140121,NA,NA
"119",NA,2022-10-24,NA,NA,NA,0.0190491752946683,NA,NA
"120",NA,2022-10-25,NA,NA,NA,0,NA,NA
"121",NA,2022-10-26,NA,NA,NA,0,NA,NA
"122","A",2022-10-27,"BIOGGIO(LUGANO)",0,"2022/23",0,2022-10-27,TRUE
"123",NA,2022-10-28,NA,NA,NA,0.0423261025098562,NA,NA
"124",NA,2022-10-29,NA,NA,NA,0.105967393368374,NA,NA
"125",NA,2022-10-30,NA,NA,NA,0.181906424083945,NA,NA
"126",NA,2022-10-31,NA,NA,NA,0.261125746164959,NA,NA
"127",NA,2022-11-01,NA,NA,NA,0.334607911119808,NA,NA
"128",NA,2022-11-02,NA,NA,NA,0.393335470456882,NA,NA
"129","A",2022-11-03,"BIOGGIO(LUGANO)",2.998036829792,"2022/23",0.428290975684571,2022-11-03,TRUE
"130",NA,2022-11-04,NA,NA,NA,0.433476038109352,NA,NA
"131",NA,2022-11-05,NA,NA,NA,0.414968508230037,NA,NA
"132",NA,2022-11-06,NA,NA,NA,0.381865296343524,NA,NA
"133",NA,2022-11-07,NA,NA,NA,0.343263312746708,NA,NA
"134",NA,2022-11-08,NA,NA,NA,0.308259467736489,NA,NA
"135",NA,2022-11-09,NA,NA,NA,0.285950671609764,NA,NA
"136","A",2022-11-10,"BIOGGIO(LUGANO)",1.998036842644,"2022/23",0.285433834663429,2022-11-10,TRUE
"137",NA,2022-11-11,NA,NA,NA,0.313056553836761,NA,NA
"138",NA,2022-11-12,NA,NA,NA,0.364169172638556,NA,NA
"139",NA,2022-11-13,NA,NA,NA,0.431372721219987,NA,NA
"140",NA,2022-11-14,NA,NA,NA,0.50726822973223,NA,NA
"141",NA,2022-11-15,NA,NA,NA,0.584456728326459,NA,NA
"142",NA,2022-11-16,NA,NA,NA,0.655539247153848,NA,NA
"143","A",2022-11-17,"BIOGGIO(LUGANO)",4.991817714559,"2022/23",0.713116816365571,2022-11-17,TRUE
"144",NA,2022-11-18,NA,NA,NA,0.751521340122477,NA,NA
"145",NA,2022-11-19,NA,NA,NA,0.772008218624105,NA,NA
"146",NA,2022-11-20,NA,NA,NA,0.777563726079667,NA,NA
"147",NA,2022-11-21,NA,NA,NA,0.771174136698378,NA,NA
"148",NA,2022-11-22,NA,NA,NA,0.75582572468945,NA,NA
"149",NA,2022-11-23,NA,NA,NA,0.734504764262096,NA,NA
"150","A",2022-11-24,"BIOGGIO(LUGANO)",4.9713827073787,"2022/23",0.710197529625529,2022-11-24,TRUE
"151","B",2022-10-06,"BIOGGIO(LUGANO)",0,"2022/23",0,2022-10-06,TRUE
"152",NA,2022-10-07,NA,NA,NA,0,NA,NA
"153",NA,2022-10-08,NA,NA,NA,0,NA,NA
"154",NA,2022-10-09,NA,NA,NA,0,NA,NA
"155",NA,2022-10-10,NA,NA,NA,0,NA,NA
"156",NA,2022-10-11,NA,NA,NA,0,NA,NA
"157",NA,2022-10-12,NA,NA,NA,0,NA,NA
"158","B",2022-10-13,"BIOGGIO(LUGANO)",0,"2022/23",0,2022-10-13,TRUE
"159",NA,2022-10-14,NA,NA,NA,0.000195727447240508,NA,NA
"160",NA,2022-10-15,NA,NA,NA,0.000412057783664226,NA,NA
"161",NA,2022-10-16,NA,NA,NA,0.000597483786313129,NA,NA
"162",NA,2022-10-17,NA,NA,NA,0.000700498232229185,NA,NA
"163",NA,2022-10-18,NA,NA,NA,0.000669593898454368,NA,NA
"164",NA,2022-10-19,NA,NA,NA,0.000453263562030649,NA,NA
"165","B",2022-10-20,"BIOGGIO(LUGANO)",0,"2022/23",0,2022-10-20,TRUE
"166",NA,2022-10-21,NA,NA,NA,0,NA,NA
"167",NA,2022-10-22,NA,NA,NA,0,NA,NA
"168",NA,2022-10-23,NA,NA,NA,0,NA,NA
"169",NA,2022-10-24,NA,NA,NA,0,NA,NA
"170",NA,2022-10-25,NA,NA,NA,0,NA,NA
"171",NA,2022-10-26,NA,NA,NA,0,NA,NA
"172","B",2022-10-27,"BIOGGIO(LUGANO)",0,"2022/23",0,2022-10-27,TRUE
"173",NA,2022-10-28,NA,NA,NA,0.00260626548167623,NA,NA
"174",NA,2022-10-29,NA,NA,NA,0.00556278007946706,NA,NA
"175",NA,2022-10-30,NA,NA,NA,0.00813814122736848,NA,NA
"176",NA,2022-10-31,NA,NA,NA,0.00960094635937648,NA,NA
"177",NA,2022-11-01,NA,NA,NA,0.00921979290948707,NA,NA
"178",NA,2022-11-02,NA,NA,NA,0.00626327831169625,NA,NA
"179","B",2022-11-03,"BIOGGIO(LUGANO)",0,"2022/23",0,2022-11-03,TRUE
"180",NA,2022-11-04,NA,NA,NA,0,NA,NA
"181",NA,2022-11-05,NA,NA,NA,0,NA,NA
"182",NA,2022-11-06,NA,NA,NA,0,NA,NA
"183",NA,2022-11-07,NA,NA,NA,0,NA,NA
"184",NA,2022-11-08,NA,NA,NA,0,NA,NA
"185",NA,2022-11-09,NA,NA,NA,0,NA,NA
"186","B",2022-11-10,"BIOGGIO(LUGANO)",0,"2022/23",0,2022-11-10,TRUE
"187",NA,2022-11-11,NA,NA,NA,0.0371249755519535,NA,NA
"188",NA,2022-11-12,NA,NA,NA,0.0841307533746889,NA,NA
"189",NA,2022-11-13,NA,NA,NA,0.135827122301469,NA,NA
"190",NA,2022-11-14,NA,NA,NA,0.187023871165556,NA,NA
"191",NA,2022-11-15,NA,NA,NA,0.232530788800212,NA,NA
"192",NA,2022-11-16,NA,NA,NA,0.267157664038701,NA,NA
"193","B",2022-11-17,"BIOGGIO(LUGANO)",2,"2022/23",0.285714285714286,2022-11-17,TRUE
"194",NA,2022-11-18,NA,NA,NA,0.284381679395866,NA,NA
"195",NA,2022-11-19,NA,NA,NA,0.264825817594896,NA,NA
"196",NA,2022-11-20,NA,NA,NA,0.230083909558467,NA,NA
"197",NA,2022-11-21,NA,NA,NA,0.183193164533672,NA,NA
"198",NA,2022-11-22,NA,NA,NA,0.127190791767601,NA,NA
"199",NA,2022-11-23,NA,NA,NA,0.0651140005073462,NA,NA
"200","B",2022-11-24,"BIOGGIO(LUGANO)",0,"2022/23",0,2022-11-24,TRUE
"201","A",2022-10-06,"ZUERICH(WERDHOELZLI)",0.999224514992,"2022/23",0.142746359284571,2022-10-06,TRUE
"202",NA,2022-10-07,NA,NA,NA,0.162996494453509,NA,NA
"203",NA,2022-10-08,NA,NA,NA,0.181519316629777,NA,NA
"204",NA,2022-10-09,NA,NA,NA,0.196587512820708,NA,NA
"205",NA,2022-10-10,NA,NA,NA,0.206473770033633,NA,NA
"206",NA,2022-10-11,NA,NA,NA,0.209450775275884,NA,NA
"207",NA,2022-10-12,NA,NA,NA,0.203791215554791,NA,NA
"208","A",2022-10-13,"ZUERICH(WERDHOELZLI)",1.3143744451438,"2022/23",0.187767777877686,2022-10-13,TRUE
"209",NA,2022-10-14,NA,NA,NA,0.160701776540572,NA,NA
"210",NA,2022-10-15,NA,NA,NA,0.126109034994142,NA,NA
"211",NA,2022-10-16,NA,NA,NA,0.0885540039777605,NA,NA
"212",NA,2022-10-17,NA,NA,NA,0.052601134230791,NA,NA
"213",NA,2022-10-18,NA,NA,NA,0.0228148764925982,NA,NA
"214",NA,2022-10-19,NA,NA,NA,0.00375968150254638,NA,NA
"215","A",2022-10-20,"ZUERICH(WERDHOELZLI)",0,"2022/23",0,2022-10-20,TRUE
"216",NA,2022-10-21,NA,NA,NA,0.0146347453900973,NA,NA
"217",NA,2022-10-22,NA,NA,NA,0.044900681741073,NA,NA
"218",NA,2022-10-23,NA,NA,NA,0.0865690357869357,NA,NA
"219",NA,2022-10-24,NA,NA,NA,0.135411034261694,NA,NA
"220",NA,2022-10-25,NA,NA,NA,0.187197903899356,NA,NA
"221",NA,2022-10-26,NA,NA,NA,0.237700871433932,NA,NA
"222","A",2022-10-27,"ZUERICH(WERDHOELZLI)",1.978838145196,"2022/23",0.282691163599429,2022-10-27,TRUE
"223",NA,2022-10-28,NA,NA,NA,0.318921105033652,NA,NA
"224",NA,2022-10-29,NA,NA,NA,0.347067411989595,NA,NA
"225",NA,2022-10-30,NA,NA,NA,0.368787898624046,NA,NA
"226",NA,2022-10-31,NA,NA,NA,0.385740379093795,NA,NA
"227",NA,2022-11-01,NA,NA,NA,0.399582667555629,NA,NA
"228",NA,2022-11-02,NA,NA,NA,0.41197257816634,NA,NA
"229","A",2022-11-03,"ZUERICH(WERDHOELZLI)",2.971975475579,"2022/23",0.424567925082714,2022-11-03,TRUE
"230",NA,2022-11-04,NA,NA,NA,0.438358380972753,NA,NA
"231",NA,2022-11-05,NA,NA,NA,0.451661052549298,NA,NA
"232",NA,2022-11-06,NA,NA,NA,0.4621249050364,NA,NA
"233",NA,2022-11-07,NA,NA,NA,0.467398903658112,NA,NA
"234",NA,2022-11-08,NA,NA,NA,0.465132013638486,NA,NA
"235",NA,2022-11-09,NA,NA,NA,0.452973200201574,NA,NA
"236","A",2022-11-10,"ZUERICH(WERDHOELZLI)",3,"2022/23",0.428571428571429,2022-11-10,TRUE
"237",NA,2022-11-11,NA,NA,NA,0.390815861830213,NA,NA
"238",NA,2022-11-12,NA,NA,NA,0.343556454492538,NA,NA
"239",NA,2022-11-13,NA,NA,NA,0.291883358931127,NA,NA
"240",NA,2022-11-14,NA,NA,NA,0.240886727518702,NA,NA
"241",NA,2022-11-15,NA,NA,NA,0.195656712627986,NA,NA
"242",NA,2022-11-16,NA,NA,NA,0.161283466631701,NA,NA
"243","A",2022-11-17,"ZUERICH(WERDHOELZLI)",0.999999993318,"2022/23",0.142857141902571,2022-11-17,TRUE
"244",NA,2022-11-18,NA,NA,NA,0.14411864937882,NA,NA
"245",NA,2022-11-19,NA,NA,NA,0.163411934260678,NA,NA
"246",NA,2022-11-20,NA,NA,NA,0.197731700313876,NA,NA
"247",NA,2022-11-21,NA,NA,NA,0.244072651304147,NA,NA
"248",NA,2022-11-22,NA,NA,NA,0.299429490997222,NA,NA
"249",NA,2022-11-23,NA,NA,NA,0.360796923158834,NA,NA
"250","A",2022-11-24,"ZUERICH(WERDHOELZLI)",2.976187560883,"2022/23",0.425169651554714,2022-11-24,TRUE
"251","B",2022-10-06,"ZUERICH(WERDHOELZLI)",0,"2022/23",0,2022-10-06,TRUE
"252",NA,2022-10-07,NA,NA,NA,0,NA,NA
"253",NA,2022-10-08,NA,NA,NA,0,NA,NA
"254",NA,2022-10-09,NA,NA,NA,0,NA,NA
"255",NA,2022-10-10,NA,NA,NA,0,NA,NA
"256",NA,2022-10-11,NA,NA,NA,0,NA,NA
"257",NA,2022-10-12,NA,NA,NA,0,NA,NA
"258","B",2022-10-13,"ZUERICH(WERDHOELZLI)",0,"2022/23",0,2022-10-13,TRUE
"259",NA,2022-10-14,NA,NA,NA,0,NA,NA
"260",NA,2022-10-15,NA,NA,NA,0,NA,NA
"261",NA,2022-10-16,NA,NA,NA,0,NA,NA
"262",NA,2022-10-17,NA,NA,NA,0,NA,NA
"263",NA,2022-10-18,NA,NA,NA,0,NA,NA
"264",NA,2022-10-19,NA,NA,NA,0,NA,NA
"265","B",2022-10-20,"ZUERICH(WERDHOELZLI)",0,"2022/23",0,2022-10-20,TRUE
"266",NA,2022-10-21,NA,NA,NA,0,NA,NA
"267",NA,2022-10-22,NA,NA,NA,0,NA,NA
"268",NA,2022-10-23,NA,NA,NA,0,NA,NA
"269",NA,2022-10-24,NA,NA,NA,0,NA,NA
"270",NA,2022-10-25,NA,NA,NA,0,NA,NA
"271",NA,2022-10-26,NA,NA,NA,0,NA,NA
"272","B",2022-10-27,"ZUERICH(WERDHOELZLI)",0,"2022/23",0,2022-10-27,TRUE
"273",NA,2022-10-28,NA,NA,NA,0,NA,NA
"274",NA,2022-10-29,NA,NA,NA,0,NA,NA
"275",NA,2022-10-30,NA,NA,NA,0,NA,NA
"276",NA,2022-10-31,NA,NA,NA,0,NA,NA
"277",NA,2022-11-01,NA,NA,NA,0,NA,NA
"278",NA,2022-11-02,NA,NA,NA,0,NA,NA
"279","B",2022-11-03,"ZUERICH(WERDHOELZLI)",0,"2022/23",0,2022-11-03,TRUE
"280",NA,2022-11-04,NA,NA,NA,0,NA,NA
"281",NA,2022-11-05,NA,NA,NA,0,NA,NA
"282",NA,2022-11-06,NA,NA,NA,0,NA,NA
"283",NA,2022-11-07,NA,NA,NA,0,NA,NA
"284",NA,2022-11-08,NA,NA,NA,0,NA,NA
"285",NA,2022-11-09,NA,NA,NA,0,NA,NA
"286","B",2022-11-10,"ZUERICH(WERDHOELZLI)",0,"2022/23",0,2022-11-10,TRUE
"287",NA,2022-11-11,NA,NA,NA,0,NA,NA
"288",NA,2022-11-12,NA,NA,NA,0,NA,NA
"289",NA,2022-11-13,NA,NA,NA,0,NA,NA
"290",NA,2022-11-14,NA,NA,NA,0,NA,NA
"291",NA,2022-11-15,NA,NA,NA,0,NA,NA
"292",NA,2022-11-16,NA,NA,NA,0,NA,NA
"293","B",2022-11-17,"ZUERICH(WERDHOELZLI)",0,"2022/23",0,2022-11-17,TRUE
"294",NA,2022-11-18,NA,NA,NA,0,NA,NA
"295",NA,2022-11-19,NA,NA,NA,0,NA,NA
"296",NA,2022-11-20,NA,NA,NA,0,NA,NA
"297",NA,2022-11-21,NA,NA,NA,0,NA,NA
"298",NA,2022-11-22,NA,NA,NA,0,NA,NA
"299",NA,2022-11-23,NA,NA,NA,0,NA,NA
"300","B",2022-11-24,"ZUERICH(WERDHOELZLI)",0,"2022/23",0,2022-11-24,TRUE
"301","A",2022-10-06,"VERNIER/AIRE",0,"2022/23",0,2022-10-06,TRUE
"302",NA,2022-10-07,NA,NA,NA,0.0130470042855934,NA,NA
"303",NA,2022-10-08,NA,NA,NA,0.0251736952605972,NA,NA
"304",NA,2022-10-09,NA,NA,NA,0.0354597596144222,NA,NA
"305",NA,2022-10-10,NA,NA,NA,0.0429848840364786,NA,NA
"306",NA,2022-10-11,NA,NA,NA,0.0468287552161772,NA,NA
"307",NA,2022-10-12,NA,NA,NA,0.0460710598429285,NA,NA
"308","A",2022-10-13,"VERNIER/AIRE",0.278540392243,"2022/23",0.0397914846061429,2022-10-13,TRUE
"309",NA,2022-10-14,NA,NA,NA,0.0277580091874173,NA,NA
"310",NA,2022-10-15,NA,NA,NA,0.0124917852370937,NA,NA
"311",NA,2022-10-16,NA,NA,NA,0,NA,NA
"312",NA,2022-10-17,NA,NA,NA,0,NA,NA
"313",NA,2022-10-18,NA,NA,NA,0,NA,NA
"314",NA,2022-10-19,NA,NA,NA,0,NA,NA
"315","A",2022-10-20,"VERNIER/AIRE",0,"2022/23",0,2022-10-20,TRUE
"316",NA,2022-10-21,NA,NA,NA,0.0315274738177809,NA,NA
"317",NA,2022-10-22,NA,NA,NA,0.0750394203892403,NA,NA
"318",NA,2022-10-23,NA,NA,NA,0.126496393144484,NA,NA
"319",NA,2022-10-24,NA,NA,NA,0.181858945513619,NA,NA
"320",NA,2022-10-25,NA,NA,NA,0.23708763092675,NA,NA
"321",NA,2022-10-26,NA,NA,NA,0.288143002813985,NA,NA
"322","A",2022-10-27,"VERNIER/AIRE",2.316899302238,"2022/23",0.330985614605429,2022-10-27,TRUE
"323",NA,2022-10-28,NA,NA,NA,0.362563138989755,NA,NA
"324",NA,2022-10-29,NA,NA,NA,0.383771725689905,NA,NA
"325",NA,2022-10-30,NA,NA,NA,0.39649464368739,NA,NA
"326",NA,2022-10-31,NA,NA,NA,0.402615161963718,NA,NA
"327",NA,2022-11-01,NA,NA,NA,0.404016549500399,NA,NA
"328",NA,2022-11-02,NA,NA,NA,0.402582075278943,NA,NA
"329","A",2022-11-03,"VERNIER/AIRE",2.801365057966,"2022/23",0.400195008280857,2022-11-03,TRUE
"330",NA,2022-11-04,NA,NA,NA,0.398486569414076,NA,NA
"331",NA,2022-11-05,NA,NA,NA,0.398079787292226,NA,NA
"332",NA,2022-11-06,NA,NA,NA,0.399345642455359,NA,NA
"333",NA,2022-11-07,NA,NA,NA,0.402655115443523,NA,NA
"334",NA,2022-11-08,NA,NA,NA,0.40837918679677,NA,NA
"335",NA,2022-11-09,NA,NA,NA,0.41688883705515,NA,NA
"336","A",2022-11-10,"VERNIER/AIRE",2.999885327311,"2022/23",0.428555046758714,2022-11-10,TRUE
"337",NA,2022-11-11,NA,NA,NA,0.443511459534794,NA,NA
"338",NA,2022-11-12,NA,NA,NA,0.46094237135985,NA,NA
"339",NA,2022-11-13,NA,NA,NA,0.479794741297622,NA,NA
"340",NA,2022-11-14,NA,NA,NA,0.499015528411853,NA,NA
"341",NA,2022-11-15,NA,NA,NA,0.517551691766285,NA,NA
"342",NA,2022-11-16,NA,NA,NA,0.534350190424658,NA,NA
"343","A",2022-11-17,"VERNIER/AIRE",3.838505884155,"2022/23",0.548357983450714,2022-11-17,TRUE
"344",NA,2022-11-18,NA,NA,NA,0.558789054506347,NA,NA
"345",NA,2022-11-19,NA,NA,NA,0.565925485646059,NA,NA
"346",NA,2022-11-20,NA,NA,NA,0.570316383522502,NA,NA
"347",NA,2022-11-21,NA,NA,NA,0.572510854788331,NA,NA
"348",NA,2022-11-22,NA,NA,NA,0.573058006096199,NA,NA
"349",NA,2022-11-23,NA,NA,NA,0.57250694409876,NA,NA
"350","A",2022-11-24,"VERNIER/AIRE",3.99984742814067,"2022/23",0.571406775448667,2022-11-24,TRUE
"351","B",2022-10-06,"VERNIER/AIRE",0,"2022/23",0,2022-10-06,TRUE
"352",NA,2022-10-07,NA,NA,NA,4.68236748591307e-05,NA,NA
"353",NA,2022-10-08,NA,NA,NA,8.77943903608699e-05,NA,NA
"354",NA,2022-10-09,NA,NA,NA,0.000117059187147826,NA,NA
"355",NA,2022-10-10,NA,NA,NA,0.000128765105862609,NA,NA
"356",NA,2022-10-11,NA,NA,NA,0.000117059187147826,NA,NA
"357",NA,2022-10-12,NA,NA,NA,7.60884716460871e-05,NA,NA
"358","B",2022-10-13,"VERNIER/AIRE",0,"2022/23",0,2022-10-13,TRUE
"359",NA,2022-10-14,NA,NA,NA,0,NA,NA
"360",NA,2022-10-15,NA,NA,NA,0,NA,NA
"361",NA,2022-10-16,NA,NA,NA,0,NA,NA
"362",NA,2022-10-17,NA,NA,NA,0,NA,NA
"363",NA,2022-10-18,NA,NA,NA,0,NA,NA
"364",NA,2022-10-19,NA,NA,NA,0,NA,NA
"365","B",2022-10-20,"VERNIER/AIRE",0,"2022/23",0,2022-10-20,TRUE
"366",NA,2022-10-21,NA,NA,NA,0.000398001236302609,NA,NA
"367",NA,2022-10-22,NA,NA,NA,0.00084867910682174,NA,NA
"368",NA,2022-10-23,NA,NA,NA,0.00124082738376696,NA,NA
"369",NA,2022-10-24,NA,NA,NA,0.00146323983934783,NA,NA
"370",NA,2022-10-25,NA,NA,NA,0.00140471024577391,NA,NA
"371",NA,2022-10-26,NA,NA,NA,0.000954032375254783,NA,NA
"372","B",2022-10-27,"VERNIER/AIRE",0,"2022/23",0,2022-10-27,TRUE
"373",NA,2022-10-28,NA,NA,NA,0,NA,NA
"374",NA,2022-10-29,NA,NA,NA,0,NA,NA
"375",NA,2022-10-30,NA,NA,NA,0,NA,NA
"376",NA,2022-10-31,NA,NA,NA,0,NA,NA
"377",NA,2022-11-01,NA,NA,NA,0,NA,NA
"378",NA,2022-11-02,NA,NA,NA,0,NA,NA
"379","B",2022-11-03,"VERNIER/AIRE",0,"2022/23",0,2022-11-03,TRUE
"380",NA,2022-11-04,NA,NA,NA,0.00560880507227119,NA,NA
"381",NA,2022-11-05,NA,NA,NA,0.0124626046162938,NA,NA
"382",NA,2022-11-06,NA,NA,NA,0.019512033035722,NA,NA
"383",NA,2022-11-07,NA,NA,NA,0.0257077247342098,NA,NA
"384",NA,2022-11-08,NA,NA,NA,0.0300003141154113,NA,NA
"385",NA,2022-11-09,NA,NA,NA,0.0313404355829804,NA,NA
"386","B",2022-11-10,"VERNIER/AIRE",0.200751064784,"2022/23",0.0286787235405714,2022-11-10,TRUE
"387",NA,2022-11-11,NA,NA,NA,0.0215201893863827,NA,NA
"388",NA,2022-11-12,NA,NA,NA,0.0115873524967905,NA,NA
"389",NA,2022-11-13,NA,NA,NA,0.00115710924271553,NA,NA
"390",NA,2022-11-14,NA,NA,NA,0,NA,NA
"391",NA,2022-11-15,NA,NA,NA,0,NA,NA
"392",NA,2022-11-16,NA,NA,NA,0,NA,NA
"393","B",2022-11-17,"VERNIER/AIRE",0,"2022/23",0,2022-11-17,TRUE
"394",NA,2022-11-18,NA,NA,NA,0.0205974716757356,NA,NA
"395",NA,2022-11-19,NA,NA,NA,0.050526722343003,NA,NA
"396",NA,2022-11-20,NA,NA,NA,0.0882324555032134,NA,NA
"397",NA,2022-11-21,NA,NA,NA,0.132159374657778,NA,NA
"398",NA,2022-11-22,NA,NA,NA,0.180752183308109,NA,NA
"399",NA,2022-11-23,NA,NA,NA,0.232455584955617,NA,NA
"400","B",2022-11-24,"VERNIER/AIRE",1.999999981712,"2022/23",0.285714283101714,2022-11-24,TRUE
"401","A",2022-10-06,"LAUPEN(SENSETAL)",0,"2022/23",0,2022-10-06,TRUE
"402",NA,2022-10-07,NA,NA,NA,0.00241922705887439,NA,NA
"403",NA,2022-10-08,NA,NA,NA,0.00453605073538948,NA,NA
"404",NA,2022-10-09,NA,NA,NA,0.00604806764718598,NA,NA
"405",NA,2022-10-10,NA,NA,NA,0.00665287441190458,NA,NA
"406",NA,2022-10-11,NA,NA,NA,0.00604806764718598,NA,NA
"407",NA,2022-10-12,NA,NA,NA,0.00393124397067089,NA,NA
"408","A",2022-10-13,"LAUPEN(SENSETAL)",0,"2022/23",0,2022-10-13,TRUE
"409",NA,2022-10-14,NA,NA,NA,0,NA,NA
"410",NA,2022-10-15,NA,NA,NA,0,NA,NA
"411",NA,2022-10-16,NA,NA,NA,0,NA,NA
"412",NA,2022-10-17,NA,NA,NA,0,NA,NA
"413",NA,2022-10-18,NA,NA,NA,0,NA,NA
"414",NA,2022-10-19,NA,NA,NA,0,NA,NA
"415","A",2022-10-20,"LAUPEN(SENSETAL)",0,"2022/23",0,2022-10-20,TRUE
"416",NA,2022-10-21,NA,NA,NA,0.0209799231282957,NA,NA
"417",NA,2022-10-22,NA,NA,NA,0.0471804354650055,NA,NA
"418",NA,2022-10-23,NA,NA,NA,0.075354831512483,NA,NA
"419",NA,2022-10-24,NA,NA,NA,0.102256405773082,NA,NA
"420",NA,2022-10-25,NA,NA,NA,0.124638452749156,NA,NA
"421",NA,2022-10-26,NA,NA,NA,0.139254266943058,NA,NA
"422","A",2022-10-27,"LAUPEN(SENSETAL)",1,"2022/23",0.142857142857143,2022-10-27,TRUE
"423",NA,2022-10-28,NA,NA,NA,0.133497698996082,NA,NA
"424",NA,2022-10-29,NA,NA,NA,0.114415849873823,NA,NA
"425",NA,2022-10-30,NA,NA,NA,0.0901488340066322,NA,NA
"426",NA,2022-10-31,NA,NA,NA,0.0652338899107741,NA,NA
"427",NA,2022-11-01,NA,NA,NA,0.0442082561025151,NA,NA
"428",NA,2022-11-02,NA,NA,NA,0.0316091710981208,NA,NA
"429","A",2022-11-03,"LAUPEN(SENSETAL)",0.223817113897,"2022/23",0.0319738734138571,2022-11-03,TRUE
"430",NA,2022-11-04,NA,NA,NA,0.0481998474552251,NA,NA
"431",NA,2022-11-05,NA,NA,NA,0.0766255611846672,NA,NA
"432",NA,2022-11-06,NA,NA,NA,0.111949728453861,NA,NA
"433",NA,2022-11-07,NA,NA,NA,0.148871063114485,NA,NA
"434",NA,2022-11-08,NA,NA,NA,0.182088279018217,NA,NA
"435",NA,2022-11-09,NA,NA,NA,0.206300090016734,NA,NA
"436","A",2022-11-10,"LAUPEN(SENSETAL)",1.513436469732,"2022/23",0.216205209961714,2022-11-10,TRUE
"437",NA,2022-11-11,NA,NA,NA,0.208136038816735,NA,NA
"438",NA,2022-11-12,NA,NA,NA,0.184959720992972,NA,NA
"439",NA,2022-11-13,NA,NA,NA,0.151177087013499,NA,NA
"440",NA,2022-11-14,NA,NA,NA,0.111288967401391,NA,NA
"441",NA,2022-11-15,NA,NA,NA,0.0697961926797217,NA,NA
"442",NA,2022-11-16,NA,NA,NA,0.0311995933715667,NA,NA
"443","A",2022-11-17,"LAUPEN(SENSETAL)",0,"2022/23",0,2022-11-17,TRUE
"444",NA,2022-11-18,NA,NA,NA,0,NA,NA
"445",NA,2022-11-19,NA,NA,NA,0,NA,NA
"446",NA,2022-11-20,NA,NA,NA,0,NA,NA
"447",NA,2022-11-21,NA,NA,NA,0,NA,NA
"448",NA,2022-11-22,NA,NA,NA,0,NA,NA
"449",NA,2022-11-23,NA,NA,NA,0,NA,NA
"450","A",2022-11-24,"LAUPEN(SENSETAL)",0.086279437338,"2022/23",0.0123256339054286,2022-11-24,TRUE
"451","B",2022-10-06,"LAUPEN(SENSETAL)",0,"2022/23",0,2022-10-06,TRUE
"452",NA,2022-10-07,NA,NA,NA,0,NA,NA
"453",NA,2022-10-08,NA,NA,NA,0,NA,NA
"454",NA,2022-10-09,NA,NA,NA,0,NA,NA
"455",NA,2022-10-10,NA,NA,NA,0,NA,NA
"456",NA,2022-10-11,NA,NA,NA,0,NA,NA
"457",NA,2022-10-12,NA,NA,NA,0,NA,NA
"458","B",2022-10-13,"LAUPEN(SENSETAL)",0,"2022/23",0,2022-10-13,TRUE
"459",NA,2022-10-14,NA,NA,NA,0,NA,NA
"460",NA,2022-10-15,NA,NA,NA,0,NA,NA
"461",NA,2022-10-16,NA,NA,NA,0,NA,NA
"462",NA,2022-10-17,NA,NA,NA,0,NA,NA
"463",NA,2022-10-18,NA,NA,NA,0,NA,NA
"464",NA,2022-10-19,NA,NA,NA,0,NA,NA
"465","B",2022-10-20,"LAUPEN(SENSETAL)",0,"2022/23",0,2022-10-20,TRUE
"466",NA,2022-10-21,NA,NA,NA,0,NA,NA
"467",NA,2022-10-22,NA,NA,NA,0,NA,NA
"468",NA,2022-10-23,NA,NA,NA,0,NA,NA
"469",NA,2022-10-24,NA,NA,NA,0,NA,NA
"470",NA,2022-10-25,NA,NA,NA,0,NA,NA
"471",NA,2022-10-26,NA,NA,NA,0,NA,NA
"472","B",2022-10-27,"LAUPEN(SENSETAL)",0,"2022/23",0,2022-10-27,TRUE
"473",NA,2022-10-28,NA,NA,NA,0,NA,NA
"474",NA,2022-10-29,NA,NA,NA,0,NA,NA
"475",NA,2022-10-30,NA,NA,NA,0,NA,NA
"476",NA,2022-10-31,NA,NA,NA,0,NA,NA
"477",NA,2022-11-01,NA,NA,NA,0,NA,NA
"478",NA,2022-11-02,NA,NA,NA,0,NA,NA
"479","B",2022-11-03,"LAUPEN(SENSETAL)",0,"2022/23",0,2022-11-03,TRUE
"480",NA,2022-11-04,NA,NA,NA,0,NA,NA
"481",NA,2022-11-05,NA,NA,NA,0,NA,NA
"482",NA,2022-11-06,NA,NA,NA,0,NA,NA
"483",NA,2022-11-07,NA,NA,NA,0,NA,NA
"484",NA,2022-11-08,NA,NA,NA,0,NA,NA
"485",NA,2022-11-09,NA,NA,NA,0,NA,NA
"486","B",2022-11-10,"LAUPEN(SENSETAL)",0,"2022/23",0,2022-11-10,TRUE
"487",NA,2022-11-11,NA,NA,NA,0,NA,NA
"488",NA,2022-11-12,NA,NA,NA,0,NA,NA
"489",NA,2022-11-13,NA,NA,NA,0,NA,NA
"490",NA,2022-11-14,NA,NA,NA,0,NA,NA
"491",NA,2022-11-15,NA,NA,NA,0,NA,NA
"492",NA,2022-11-16,NA,NA,NA,0,NA,NA
"493","B",2022-11-17,"LAUPEN(SENSETAL)",0,"2022/23",0,2022-11-17,TRUE
"494",NA,2022-11-18,NA,NA,NA,0,NA,NA
"495",NA,2022-11-19,NA,NA,NA,0,NA,NA
"496",NA,2022-11-20,NA,NA,NA,0,NA,NA
"497",NA,2022-11-21,NA,NA,NA,0,NA,NA
"498",NA,2022-11-22,NA,NA,NA,0,NA,NA
"499",NA,2022-11-23,NA,NA,NA,0,NA,NA
"500","B",2022-11-24,"LAUPEN(SENSETAL)",0,"2022/23",0,2022-11-24,TRUE
"501","A",2022-10-06,"THAL/ALTENRHEIN",0,"2022/23",0,2022-10-06,TRUE
"502",NA,2022-10-07,NA,NA,NA,0.000167333560164604,NA,NA
"503",NA,2022-10-08,NA,NA,NA,0.000313750425308633,NA,NA
"504",NA,2022-10-09,NA,NA,NA,0.000418333900411511,NA,NA
"505",NA,2022-10-10,NA,NA,NA,0.000460167290452662,NA,NA
"506",NA,2022-10-11,NA,NA,NA,0.000418333900411511,NA,NA
"507",NA,2022-10-12,NA,NA,NA,0.000271917035267482,NA,NA
"508","A",2022-10-13,"THAL/ALTENRHEIN",0,"2022/23",0,2022-10-13,TRUE
"509",NA,2022-10-14,NA,NA,NA,0,NA,NA
"510",NA,2022-10-15,NA,NA,NA,0,NA,NA
"511",NA,2022-10-16,NA,NA,NA,0,NA,NA
"512",NA,2022-10-17,NA,NA,NA,0,NA,NA
"513",NA,2022-10-18,NA,NA,NA,0,NA,NA
"514",NA,2022-10-19,NA,NA,NA,0,NA,NA
"515","A",2022-10-20,"THAL/ALTENRHEIN",0,"2022/23",0,2022-10-20,TRUE
"516",NA,2022-10-21,NA,NA,NA,0.00142233526139914,NA,NA
"517",NA,2022-10-22,NA,NA,NA,0.00303292077798346,NA,NA
"518",NA,2022-10-23,NA,NA,NA,0.00443433934436202,NA,NA
"519",NA,2022-10-24,NA,NA,NA,0.00522917375514389,NA,NA
"520",NA,2022-10-25,NA,NA,NA,0.00502000680493813,NA,NA
"521",NA,2022-10-26,NA,NA,NA,0.00340942128835382,NA,NA
"522","A",2022-10-27,"THAL/ALTENRHEIN",0,"2022/23",0,2022-10-27,TRUE
"523",NA,2022-10-28,NA,NA,NA,0,NA,NA
"524",NA,2022-10-29,NA,NA,NA,0,NA,NA
"525",NA,2022-10-30,NA,NA,NA,0,NA,NA
"526",NA,2022-10-31,NA,NA,NA,0,NA,NA
"527",NA,2022-11-01,NA,NA,NA,0,NA,NA
"528",NA,2022-11-02,NA,NA,NA,0,NA,NA
"529","A",2022-11-03,"THAL/ALTENRHEIN",0,"2022/23",0,2022-11-03,TRUE
"530",NA,2022-11-04,NA,NA,NA,0.0201606796766245,NA,NA
"531",NA,2022-11-05,NA,NA,NA,0.0454696970840691,NA,NA
"532",NA,2022-11-06,NA,NA,NA,0.0728760455050882,NA,NA
"533",NA,2022-11-07,NA,NA,NA,0.0993287182224364,NA,NA
"534",NA,2022-11-08,NA,NA,NA,0.121776708518868,NA,NA
"535",NA,2022-11-09,NA,NA,NA,0.137169009677138,NA,NA
"536","A",2022-11-10,"THAL/ALTENRHEIN",0.99718230486,"2022/23",0.14245461498,2022-11-10,TRUE
"537",NA,2022-11-11,NA,NA,NA,0.1356315503519,NA,NA
"538",NA,2022-11-12,NA,NA,NA,0.118893972284047,NA,NA
"539",NA,2022-11-13,NA,NA,NA,0.095485069909342,NA,NA
"540",NA,2022-11-14,NA,NA,NA,0.0686480323606843,NA,NA
"541",NA,2022-11-15,NA,NA,NA,0.0416260487709746,NA,NA
"542",NA,2022-11-16,NA,NA,NA,0.0176623082731131,NA,NA
"543","A",2022-11-17,"THAL/ALTENRHEIN",0,"2022/23",0,2022-11-17,TRUE
"544",NA,2022-11-18,NA,NA,NA,0,NA,NA
"545",NA,2022-11-19,NA,NA,NA,0,NA,NA
"546",NA,2022-11-20,NA,NA,NA,0,NA,NA
"547",NA,2022-11-21,NA,NA,NA,0.00809066946949353,NA,NA
"548",NA,2022-11-22,NA,NA,NA,0.0237485102049365,NA,NA
"549",NA,2022-11-23,NA,NA,NA,0.0421333856139933,NA,NA
"550","A",2022-11-24,"THAL/ALTENRHEIN",0.433172448519,"2022/23",0.0618817783598571,2022-11-24,TRUE
"551","B",2022-10-06,"THAL/ALTENRHEIN",0,"2022/23",0,2022-10-06,TRUE
"552",NA,2022-10-07,NA,NA,NA,0,NA,NA
"553",NA,2022-10-08,NA,NA,NA,0,NA,NA
"554",NA,2022-10-09,NA,NA,NA,0,NA,NA
"555",NA,2022-10-10,NA,NA,NA,0,NA,NA
"556",NA,2022-10-11,NA,NA,NA,0,NA,NA
"557",NA,2022-10-12,NA,NA,NA,0,NA,NA
"558","B",2022-10-13,"THAL/ALTENRHEIN",0,"2022/23",0,2022-10-13,TRUE
"559",NA,2022-10-14,NA,NA,NA,0,NA,NA
"560",NA,2022-10-15,NA,NA,NA,0,NA,NA
"561",NA,2022-10-16,NA,NA,NA,0,NA,NA
"562",NA,2022-10-17,NA,NA,NA,0,NA,NA
"563",NA,2022-10-18,NA,NA,NA,0,NA,NA
"564",NA,2022-10-19,NA,NA,NA,0,NA,NA
"565","B",2022-10-20,"THAL/ALTENRHEIN",0,"2022/23",0,2022-10-20,TRUE
"566",NA,2022-10-21,NA,NA,NA,0,NA,NA
"567",NA,2022-10-22,NA,NA,NA,0,NA,NA
"568",NA,2022-10-23,NA,NA,NA,0,NA,NA
"569",NA,2022-10-24,NA,NA,NA,0,NA,NA
"570",NA,2022-10-25,NA,NA,NA,0,NA,NA
"571",NA,2022-10-26,NA,NA,NA,0,NA,NA
"572","B",2022-10-27,"THAL/ALTENRHEIN",0,"2022/23",0,2022-10-27,TRUE
"573",NA,2022-10-28,NA,NA,NA,0,NA,NA
"574",NA,2022-10-29,NA,NA,NA,0,NA,NA
"575",NA,2022-10-30,NA,NA,NA,0,NA,NA
"576",NA,2022-10-31,NA,NA,NA,0,NA,NA
"577",NA,2022-11-01,NA,NA,NA,0,NA,NA
"578",NA,2022-11-02,NA,NA,NA,0,NA,NA
"579","B",2022-11-03,"THAL/ALTENRHEIN",0,"2022/23",0,2022-11-03,TRUE
"580",NA,2022-11-04,NA,NA,NA,0,NA,NA
"581",NA,2022-11-05,NA,NA,NA,0,NA,NA
"582",NA,2022-11-06,NA,NA,NA,0,NA,NA
"583",NA,2022-11-07,NA,NA,NA,0,NA,NA
"584",NA,2022-11-08,NA,NA,NA,0,NA,NA
"585",NA,2022-11-09,NA,NA,NA,0,NA,NA
"586","B",2022-11-10,"THAL/ALTENRHEIN",0,"2022/23",0,2022-11-10,TRUE
"587",NA,2022-11-11,NA,NA,NA,0,NA,NA
"588",NA,2022-11-12,NA,NA,NA,0,NA,NA
"589",NA,2022-11-13,NA,NA,NA,0,NA,NA
"590",NA,2022-11-14,NA,NA,NA,0,NA,NA
"591",NA,2022-11-15,NA,NA,NA,0,NA,NA
"592",NA,2022-11-16,NA,NA,NA,0,NA,NA
"593","B",2022-11-17,"THAL/ALTENRHEIN",0,"2022/23",0,2022-11-17,TRUE
"594",NA,2022-11-18,NA,NA,NA,0,NA,NA
"595",NA,2022-11-19,NA,NA,NA,0,NA,NA
"596",NA,2022-11-20,NA,NA,NA,0,NA,NA
"597",NA,2022-11-21,NA,NA,NA,0,NA,NA
"598",NA,2022-11-22,NA,NA,NA,0,NA,NA
"599",NA,2022-11-23,NA,NA,NA,0,NA,NA
"600","B",2022-11-24,"THAL/ALTENRHEIN",0,"2022/23",0,2022-11-24,TRUE
"601","A",2022-10-06,"All provided data",3,"2022/23",0.428571428571429,2022-10-06,TRUE
"602",NA,2022-10-07,NA,NA,NA,0.536921593559079,NA,NA
"603",NA,2022-10-08,NA,NA,NA,0.639381049147763,NA,NA
"604",NA,2022-10-09,NA,NA,NA,0.730059085938514,NA,NA
"605",NA,2022-10-10,NA,NA,NA,0.803064994532365,NA,NA
"606",NA,2022-10-11,NA,NA,NA,0.852508065530351,NA,NA
"607",NA,2022-10-12,NA,NA,NA,0.872497589533503,NA,NA
"608","A",2022-10-13,"All provided data",6,"2022/23",0.857142857142857,2022-10-13,TRUE
"609",NA,2022-10-14,NA,NA,NA,0.803944909591232,NA,NA
"610",NA,2022-10-15,NA,NA,NA,0.723971790638591,NA,NA
"611",NA,2022-10-16,NA,NA,NA,0.631683294676685,NA,NA
"612",NA,2022-10-17,NA,NA,NA,0.541539216097266,NA,NA
"613",NA,2022-10-18,NA,NA,NA,0.467999349292083,NA,NA
"614",NA,2022-10-19,NA,NA,NA,0.425523488652887,NA,NA
"615","A",2022-10-20,"All provided data",3,"2022/23",0.428571428571429,2022-10-20,TRUE
"616",NA,2022-10-21,NA,NA,NA,0.487198809725308,NA,NA
"617",NA,2022-10-22,NA,NA,NA,0.593844657935525,NA,NA
"618",NA,2022-10-23,NA,NA,NA,0.736543845308929,NA,NA
"619",NA,2022-10-24,NA,NA,NA,0.903331243952372,NA,NA
"620",NA,2022-10-25,NA,NA,NA,1.0822417259727,NA,NA
"621",NA,2022-10-26,NA,NA,NA,1.26131016347677,NA,NA
"622","A",2022-10-27,"All provided data",10,"2022/23",1.42857142857143,2022-10-27,TRUE
"623",NA,2022-10-28,NA,NA,NA,1.57462345000816,NA,NA
"624",NA,2022-10-29,NA,NA,NA,1.70031638311702,NA,NA
"625",NA,2022-10-30,NA,NA,NA,1.80906343987269,NA,NA
"626",NA,2022-10-31,NA,NA,NA,1.90427783224985,NA,NA
"627",NA,2022-11-01,NA,NA,NA,1.98937277222318,NA,NA
"628",NA,2022-11-02,NA,NA,NA,2.06776147176739,NA,NA
"629","A",2022-11-03,"All provided data",15,"2022/23",2.14285714285714,2022-11-03,TRUE
"630",NA,2022-11-04,NA,NA,NA,2.21722284213709,NA,NA
"631",NA,2022-11-05,NA,NA,NA,2.29002100493167,NA,NA
"632",NA,2022-11-06,NA,NA,NA,2.35956391123531,NA,NA
"633",NA,2022-11-07,NA,NA,NA,2.42416384104241,NA,NA
"634",NA,2022-11-08,NA,NA,NA,2.48213307434739,NA,NA
"635",NA,2022-11-09,NA,NA,NA,2.53178389114464,NA,NA
"636","A",2022-11-10,"All provided data",18,"2022/23",2.57142857142857,2022-11-10,TRUE
"637",NA,2022-11-11,NA,NA,NA,2.60063345299701,NA,NA
"638",NA,2022-11-12,NA,NA,NA,2.62398110486141,NA,NA
"639",NA,2022-11-13,NA,NA,NA,2.64730815383662,NA,NA
"640",NA,2022-11-14,NA,NA,NA,2.67645122673751,NA,NA
"641",NA,2022-11-15,NA,NA,NA,2.71724695037894,NA,NA
"642",NA,2022-11-16,NA,NA,NA,2.77553195157577,NA,NA
"643","A",2022-11-17,"All provided data",20,"2022/23",2.85714285714286,2022-11-17,TRUE
"644",NA,2022-11-18,NA,NA,NA,2.96624917677866,NA,NA
"645",NA,2022-11-19,NA,NA,NA,3.10035195171598,NA,NA
"646",NA,2022-11-20,NA,NA,NA,3.25528510607126,NA,NA
"647",NA,2022-11-21,NA,NA,NA,3.42688256396088,NA,NA
"648",NA,2022-11-22,NA,NA,NA,3.61097824950127,NA,NA
"649",NA,2022-11-23,NA,NA,NA,3.80340608680884,NA,NA
"650","A",2022-11-24,"All provided data",28,"2022/23",4,2022-11-24,TRUE
"651","B",2022-10-06,"All provided data",0,"2022/23",0,2022-10-06,TRUE
"652",NA,2022-10-07,NA,NA,NA,9.61468161883184e-05,NA,NA
"653",NA,2022-10-08,NA,NA,NA,0.000180275280353097,NA,NA
"654",NA,2022-10-09,NA,NA,NA,0.000240367040470797,NA,NA
"655",NA,2022-10-10,NA,NA,NA,0.000264403744517877,NA,NA
"656",NA,2022-10-11,NA,NA,NA,0.000240367040470798,NA,NA
"657",NA,2022-10-12,NA,NA,NA,0.000156238576306019,NA,NA
"658","B",2022-10-13,"All provided data",0,"2022/23",0,2022-10-13,TRUE
"659",NA,2022-10-14,NA,NA,NA,0,NA,NA
"660",NA,2022-10-15,NA,NA,NA,0,NA,NA
"661",NA,2022-10-16,NA,NA,NA,0,NA,NA
"662",NA,2022-10-17,NA,NA,NA,0,NA,NA
"663",NA,2022-10-18,NA,NA,NA,0,NA,NA
"664",NA,2022-10-19,NA,NA,NA,0,NA,NA
"665","B",2022-10-20,"All provided data",0,"2022/23",0,2022-10-20,TRUE
"666",NA,2022-10-21,NA,NA,NA,0.000817247937600716,NA,NA
"667",NA,2022-10-22,NA,NA,NA,0.00174266104341329,NA,NA
"668",NA,2022-10-23,NA,NA,NA,0.00254789062899047,NA,NA
"669",NA,2022-10-24,NA,NA,NA,0.00300458800588499,NA,NA
"670",NA,2022-10-25,NA,NA,NA,0.00288440448564959,NA,NA
"671",NA,2022-10-26,NA,NA,NA,0.00195899137983701,NA,NA
"672","B",2022-10-27,"All provided data",0,"2022/23",0,2022-10-27,TRUE
"673",NA,2022-10-28,NA,NA,NA,0,NA,NA
"674",NA,2022-10-29,NA,NA,NA,0,NA,NA
"675",NA,2022-10-30,NA,NA,NA,0,NA,NA
"676",NA,2022-10-31,NA,NA,NA,0,NA,NA
"677",NA,2022-11-01,NA,NA,NA,0,NA,NA
"678",NA,2022-11-02,NA,NA,NA,0,NA,NA
"679","B",2022-11-03,"All provided data",0,"2022/23",0,2022-11-03,TRUE
"680",NA,2022-11-04,NA,NA,NA,0.0117618174380851,NA,NA
"681",NA,2022-11-05,NA,NA,NA,0.0275489243503401,NA,NA
"682",NA,2022-11-06,NA,NA,NA,0.0466754162177073,NA,NA
"683",NA,2022-11-07,NA,NA,NA,0.0684553885211289,NA,NA
"684",NA,2022-11-08,NA,NA,NA,0.0922029367415472,NA,NA
"685",NA,2022-11-09,NA,NA,NA,0.117232156359904,NA,NA
"686","B",2022-11-10,"All provided data",1,"2022/23",0.142857142857143,2022-11-10,TRUE
"687",NA,2022-11-11,NA,NA,NA,0.168404868519944,NA,NA
"688",NA,2022-11-12,NA,NA,NA,0.193253812857948,NA,NA
"689",NA,2022-11-13,NA,NA,NA,0.216795332186535,NA,NA
"690",NA,2022-11-14,NA,NA,NA,0.238420782821082,NA,NA
"691",NA,2022-11-15,NA,NA,NA,0.25752152107697,NA,NA
"692",NA,2022-11-16,NA,NA,NA,0.273488903269578,NA,NA
"693","B",2022-11-17,"All provided data",2,"2022/23",0.285714285714286,2022-11-17,TRUE
"694",NA,2022-11-18,NA,NA,NA,0.293794052088968,NA,NA
"695",NA,2022-11-19,NA,NA,NA,0.29814469552149,NA,NA
"696",NA,2022-11-20,NA,NA,NA,0.29938773650221,NA,NA
"697",NA,2022-11-21,NA,NA,NA,0.29814469552149,NA,NA
"698",NA,2022-11-22,NA,NA,NA,0.295037093069689,NA,NA
"699",NA,2022-11-23,NA,NA,NA,0.290686449637167,NA,NA
"700","B",2022-11-24,"All provided data",2,"2022/23",0.285714285714286,2022-11-24,TRUE
"701","A",2022-10-06,"CHUR",0,"2022/23",0,2022-10-06,TRUE
"702",NA,2022-10-07,NA,NA,NA,0,NA,NA
"703",NA,2022-10-08,NA,NA,NA,0,NA,NA
"704",NA,2022-10-09,NA,NA,NA,0,NA,NA
"705",NA,2022-10-10,NA,NA,NA,0,NA,NA
"706",NA,2022-10-11,NA,NA,NA,0,NA,NA
"707",NA,2022-10-12,NA,NA,NA,0,NA,NA
"708","A",2022-10-13,"CHUR",0,"2022/23",0,2022-10-13,TRUE
"709",NA,2022-10-14,NA,NA,NA,0,NA,NA
"710",NA,2022-10-15,NA,NA,NA,0,NA,NA
"711",NA,2022-10-16,NA,NA,NA,0,NA,NA
"712",NA,2022-10-17,NA,NA,NA,0,NA,NA
"713",NA,2022-10-18,NA,NA,NA,0,NA,NA
"714",NA,2022-10-19,NA,NA,NA,0,NA,NA
"715","A",2022-10-20,"CHUR",0,"2022/23",0,2022-10-20,TRUE
"716",NA,2022-10-21,NA,NA,NA,0,NA,NA
"717",NA,2022-10-22,NA,NA,NA,0,NA,NA
"718",NA,2022-10-23,NA,NA,NA,0,NA,NA
"719",NA,2022-10-24,NA,NA,NA,0,NA,NA
"720",NA,2022-10-25,NA,NA,NA,0,NA,NA
"721",NA,2022-10-26,NA,NA,NA,0,NA,NA
"722","A",2022-10-27,"CHUR",0,"2022/23",0,2022-10-27,TRUE
"723",NA,2022-10-28,NA,NA,NA,0,NA,NA
"724",NA,2022-10-29,NA,NA,NA,0,NA,NA
"725",NA,2022-10-30,NA,NA,NA,0,NA,NA
"726",NA,2022-10-31,NA,NA,NA,0,NA,NA
"727",NA,2022-11-01,NA,NA,NA,0,NA,NA
"728",NA,2022-11-02,NA,NA,NA,0,NA,NA
"729","A",2022-11-03,"CHUR",0,"2022/23",0,2022-11-03,TRUE
"730",NA,2022-11-04,NA,NA,NA,0,NA,NA
"731",NA,2022-11-05,NA,NA,NA,0,NA,NA
"732",NA,2022-11-06,NA,NA,NA,0,NA,NA
"733",NA,2022-11-07,NA,NA,NA,0,NA,NA
"734",NA,2022-11-08,NA,NA,NA,0,NA,NA
"735",NA,2022-11-09,NA,NA,NA,0,NA,NA
"736","A",2022-11-10,"CHUR",0,"2022/23",0,2022-11-10,TRUE
"737",NA,2022-11-11,NA,NA,NA,0,NA,NA
"738",NA,2022-11-12,NA,NA,NA,0,NA,NA
"739",NA,2022-11-13,NA,NA,NA,0,NA,NA
"740",NA,2022-11-14,NA,NA,NA,0,NA,NA
"741",NA,2022-11-15,NA,NA,NA,0,NA,NA
"742",NA,2022-11-16,NA,NA,NA,0,NA,NA
"743","A",2022-11-17,"CHUR",0,"2022/23",0,2022-11-17,TRUE
"744",NA,2022-11-18,NA,NA,NA,0,NA,NA
"745",NA,2022-11-19,NA,NA,NA,0,NA,NA
"746",NA,2022-11-20,NA,NA,NA,0,NA,NA
"747",NA,2022-11-21,NA,NA,NA,0,NA,NA
"748",NA,2022-11-22,NA,NA,NA,0,NA,NA
"749",NA,2022-11-23,NA,NA,NA,0,NA,NA
"750","A",2022-11-24,"CHUR",0,"2022/23",0,2022-11-24,TRUE
"751","B",2022-10-06,"CHUR",0,"2022/23",0,2022-10-06,TRUE
"752",NA,2022-10-07,NA,NA,NA,0,NA,NA
"753",NA,2022-10-08,NA,NA,NA,0,NA,NA
"754",NA,2022-10-09,NA,NA,NA,0,NA,NA
"755",NA,2022-10-10,NA,NA,NA,0,NA,NA
"756",NA,2022-10-11,NA,NA,NA,0,NA,NA
"757",NA,2022-10-12,NA,NA,NA,0,NA,NA
"758","B",2022-10-13,"CHUR",0,"2022/23",0,2022-10-13,TRUE
"759",NA,2022-10-14,NA,NA,NA,0,NA,NA
"760",NA,2022-10-15,NA,NA,NA,0,NA,NA
"761",NA,2022-10-16,NA,NA,NA,0,NA,NA
"762",NA,2022-10-17,NA,NA,NA,0,NA,NA
"763",NA,2022-10-18,NA,NA,NA,0,NA,NA
"764",NA,2022-10-19,NA,NA,NA,0,NA,NA
"765","B",2022-10-20,"CHUR",0,"2022/23",0,2022-10-20,TRUE
"766",NA,2022-10-21,NA,NA,NA,0,NA,NA
"767",NA,2022-10-22,NA,NA,NA,0,NA,NA
"768",NA,2022-10-23,NA,NA,NA,0,NA,NA
"769",NA,2022-10-24,NA,NA,NA,0,NA,NA
"770",NA,2022-10-25,NA,NA,NA,0,NA,NA
"771",NA,2022-10-26,NA,NA,NA,0,NA,NA
"772","B",2022-10-27,"CHUR",0,"2022/23",0,2022-10-27,TRUE
"773",NA,2022-10-28,NA,NA,NA,0,NA,NA
"774",NA,2022-10-29,NA,NA,NA,0,NA,NA
"775",NA,2022-10-30,NA,NA,NA,0,NA,NA
"776",NA,2022-10-31,NA,NA,NA,0,NA,NA
"777",NA,2022-11-01,NA,NA,NA,0,NA,NA
"778",NA,2022-11-02,NA,NA,NA,0,NA,NA
"779","B",2022-11-03,"CHUR",0,"2022/23",0,2022-11-03,TRUE
"780",NA,2022-11-04,NA,NA,NA,0,NA,NA
"781",NA,2022-11-05,NA,NA,NA,0,NA,NA
"782",NA,2022-11-06,NA,NA,NA,0,NA,NA
"783",NA,2022-11-07,NA,NA,NA,0,NA,NA
"784",NA,2022-11-08,NA,NA,NA,0,NA,NA
"785",NA,2022-11-09,NA,NA,NA,0,NA,NA
"786","B",2022-11-10,"CHUR",0,"2022/23",0,2022-11-10,TRUE
"787",NA,2022-11-11,NA,NA,NA,0,NA,NA
"788",NA,2022-11-12,NA,NA,NA,0,NA,NA
"789",NA,2022-11-13,NA,NA,NA,0,NA,NA
"790",NA,2022-11-14,NA,NA,NA,0,NA,NA
"791",NA,2022-11-15,NA,NA,NA,0,NA,NA
"792",NA,2022-11-16,NA,NA,NA,0,NA,NA
"793","B",2022-11-17,"CHUR",0,"2022/23",0,2022-11-17,TRUE
"794",NA,2022-11-18,NA,NA,NA,0,NA,NA
"795",NA,2022-11-19,NA,NA,NA,0,NA,NA
"796",NA,2022-11-20,NA,NA,NA,0,NA,NA
"797",NA,2022-11-21,NA,NA,NA,0,NA,NA
"798",NA,2022-11-22,NA,NA,NA,0,NA,NA
"799",NA,2022-11-23,NA,NA,NA,0,NA,NA
"800","B",2022-11-24,"CHUR",0,"2022/23",0,2022-11-24,TRUE
