"sample_date","wwtp","measuring_period","target","measurement_type","value"
2022-03-11,"STEP Aire","2021/22","respv4","IAV_gc_per_mL_WW",63.42092359
2022-03-11,"STEP Aire","2021/22","respv4","IBV_gc_per_mL_WW",2.347682644
2022-03-11,"STEP Aire","2021/22","respv4","IAV_gc_per_day",9112825668799.92
2022-03-11,"STEP Aire","2021/22","respv4","IBV_gc_per_day",337333823751.072
2022-03-11,"STEP Aire","2021/22","respv4","IAV_gc_per_mL_WW",36.53822385
2022-03-11,"STEP Aire","2021/22","respv4","IBV_gc_per_mL_WW",0
2022-03-11,"STEP Aire","2021/22","respv4","IAV_gc_per_day",5250104308558.8
2022-03-11,"STEP Aire","2021/22","respv4","IBV_gc_per_day",0
2022-03-04,"STEP Aire","2021/22","respv4","IAV_gc_per_mL_WW",26.56021059
2022-03-04,"STEP Aire","2021/22","respv4","IBV_gc_per_mL_WW",0
2022-03-04,"STEP Aire","2021/22","respv4","IAV_gc_per_day",3895187684076.45
2022-03-04,"STEP Aire","2021/22","respv4","IBV_gc_per_day",0
2022-03-04,"STEP Aire","2021/22","respv4","IAV_gc_per_mL_WW",41.18695648
2022-03-04,"STEP Aire","2021/22","respv4","IBV_gc_per_mL_WW",0
2022-03-04,"STEP Aire","2021/22","respv4","IAV_gc_per_day",6040273102574.4
2022-03-04,"STEP Aire","2021/22","respv4","IBV_gc_per_day",0
2022-02-25,"STEP Aire","2021/22","respv4","IAV_gc_per_mL_WW",9.899549298
2022-02-25,"STEP Aire","2021/22","respv4","IBV_gc_per_mL_WW",0
2022-02-25,"STEP Aire","2021/22","respv4","IAV_gc_per_day",1417486765332.73
2022-02-25,"STEP Aire","2021/22","respv4","IBV_gc_per_day",0
2022-02-25,"STEP Aire","2021/22","respv4","IAV_gc_per_mL_WW",18.52897983
2022-02-25,"STEP Aire","2021/22","respv4","IBV_gc_per_mL_WW",0
2022-02-25,"STEP Aire","2021/22","respv4","IAV_gc_per_day",2653109034918.21
2022-02-25,"STEP Aire","2021/22","respv4","IBV_gc_per_day",0
2022-02-18,"STEP Aire","2021/22","respv4","IAV_gc_per_mL_WW",6.994752429
2022-02-18,"STEP Aire","2021/22","respv4","IBV_gc_per_mL_WW",0
2022-02-18,"STEP Aire","2021/22","respv4","IAV_gc_per_day",992002784233.209
2022-02-18,"STEP Aire","2021/22","respv4","IBV_gc_per_day",0
2022-02-18,"STEP Aire","2021/22","respv4","IAV_gc_per_mL_WW",7.159358621
2022-02-18,"STEP Aire","2021/22","respv4","IBV_gc_per_mL_WW",0
2022-02-18,"STEP Aire","2021/22","respv4","IAV_gc_per_day",1015347398988.84
2022-02-18,"STEP Aire","2021/22","respv4","IBV_gc_per_day",0
2022-02-11,"STEP Aire","2021/22","respv4","IAV_gc_per_mL_WW",7.037617128
2022-02-11,"STEP Aire","2021/22","respv4","IBV_gc_per_mL_WW",0
2022-02-11,"STEP Aire","2021/22","respv4","IAV_gc_per_day",1048288259301.24
2022-02-11,"STEP Aire","2021/22","respv4","IBV_gc_per_day",0
2022-02-11,"STEP Aire","2021/22","respv4","IAV_gc_per_mL_WW",13.85122453
2022-02-11,"STEP Aire","2021/22","respv4","IBV_gc_per_mL_WW",0
2022-02-11,"STEP Aire","2021/22","respv4","IAV_gc_per_day",2063209149866.15
2022-02-11,"STEP Aire","2021/22","respv4","IBV_gc_per_day",0
2022-01-31,"STEP Aire","2021/22","respv4","IAV_gc_per_mL_WW",11.68336906
2022-01-31,"STEP Aire","2021/22","respv4","IBV_gc_per_mL_WW",0
2022-01-31,"STEP Aire","2021/22","respv4","IAV_gc_per_day",1696647171524.14
2022-01-31,"STEP Aire","2021/22","respv4","IBV_gc_per_day",0
2022-01-31,"STEP Aire","2021/22","respv4","IAV_gc_per_mL_WW",17.08140326
2022-01-31,"STEP Aire","2021/22","respv4","IBV_gc_per_mL_WW",0
2022-01-31,"STEP Aire","2021/22","respv4","IAV_gc_per_day",2480544300013.94
2022-01-31,"STEP Aire","2021/22","respv4","IBV_gc_per_day",0
2022-01-21,"STEP Aire","2021/22","respv4","IAV_gc_per_mL_WW",10.94244551
2022-01-21,"STEP Aire","2021/22","respv4","IBV_gc_per_mL_WW",0
2022-01-21,"STEP Aire","2021/22","respv4","IAV_gc_per_day",1538628205606.61
2022-01-21,"STEP Aire","2021/22","respv4","IBV_gc_per_day",0
2022-11-13,"STEP Aire","2022/23","respv4","IAV_gc_per_mL_WW",8.620564068
2022-11-13,"STEP Aire","2022/23","respv4","IBV_gc_per_mL_WW",0
2022-11-13,"STEP Aire","2022/23","respv4","IAV_gc_per_day",1279015849641.02
2022-11-13,"STEP Aire","2022/23","respv4","IBV_gc_per_day",0
2022-11-13,"STEP Aire","2022/23","respv4","IAV_gc_per_mL_WW",9.058684885
2022-11-13,"STEP Aire","2022/23","respv4","IBV_gc_per_mL_WW",0
2022-11-13,"STEP Aire","2022/23","respv4","IAV_gc_per_day",1344018959017.68
2022-11-13,"STEP Aire","2022/23","respv4","IBV_gc_per_day",0
2022-11-08,"STEP Aire","2022/23","respv4","IAV_gc_per_mL_WW",0
2022-11-08,"STEP Aire","2022/23","respv4","IBV_gc_per_mL_WW",9.217730828
2022-11-08,"STEP Aire","2022/23","respv4","IAV_gc_per_day",0
2022-11-08,"STEP Aire","2022/23","respv4","IBV_gc_per_day",1699740346952.37
2022-11-06,"STEP Aire","2022/23","respv4","IAV_gc_per_mL_WW",0
2022-11-06,"STEP Aire","2022/23","respv4","IBV_gc_per_mL_WW",0
2022-11-06,"STEP Aire","2022/23","respv4","IAV_gc_per_day",0
2022-11-06,"STEP Aire","2022/23","respv4","IBV_gc_per_day",0
2022-11-06,"STEP Aire","2022/23","respv4","IAV_gc_per_mL_WW",4.008701288
2022-11-06,"STEP Aire","2022/23","respv4","IBV_gc_per_mL_WW",0
2022-11-06,"STEP Aire","2022/23","respv4","IAV_gc_per_day",491631134661.608
2022-11-06,"STEP Aire","2022/23","respv4","IBV_gc_per_day",0
2022-11-05,"STEP Aire","2022/23","respv4","IAV_gc_per_mL_WW",4.256107163
2022-11-05,"STEP Aire","2022/23","respv4","IBV_gc_per_mL_WW",0
2022-11-05,"STEP Aire","2022/23","respv4","IAV_gc_per_day",491120717752.896
2022-11-05,"STEP Aire","2022/23","respv4","IBV_gc_per_day",0
2022-11-05,"STEP Aire","2022/23","respv4","IAV_gc_per_mL_WW",0
2022-11-05,"STEP Aire","2022/23","respv4","IBV_gc_per_mL_WW",0
2022-11-05,"STEP Aire","2022/23","respv4","IAV_gc_per_day",0
2022-11-05,"STEP Aire","2022/23","respv4","IBV_gc_per_day",0
2022-11-04,"STEP Aire","2022/23","respv4","IAV_gc_per_mL_WW",0
2022-11-04,"STEP Aire","2022/23","respv4","IBV_gc_per_mL_WW",0
2022-11-04,"STEP Aire","2022/23","respv4","IAV_gc_per_day",0
2022-11-04,"STEP Aire","2022/23","respv4","IBV_gc_per_day",0
2022-11-04,"STEP Aire","2022/23","respv4","IAV_gc_per_mL_WW",0
2022-11-04,"STEP Aire","2022/23","respv4","IBV_gc_per_mL_WW",0
2022-11-04,"STEP Aire","2022/23","respv4","IAV_gc_per_day",0
2022-11-04,"STEP Aire","2022/23","respv4","IBV_gc_per_day",0
2022-11-03,"STEP Aire","2022/23","respv4","IAV_gc_per_mL_WW",3.697315975
2022-11-03,"STEP Aire","2022/23","respv4","IBV_gc_per_mL_WW",0
2022-11-03,"STEP Aire","2022/23","respv4","IAV_gc_per_day",877243674808.375
2022-11-03,"STEP Aire","2022/23","respv4","IBV_gc_per_day",0
2022-11-03,"STEP Aire","2022/23","respv4","IAV_gc_per_mL_WW",0
2022-11-03,"STEP Aire","2022/23","respv4","IBV_gc_per_mL_WW",0
2022-11-03,"STEP Aire","2022/23","respv4","IAV_gc_per_day",0
2022-11-03,"STEP Aire","2022/23","respv4","IBV_gc_per_day",0
2022-11-02,"STEP Aire","2022/23","respv4","IAV_gc_per_mL_WW",0
2022-11-02,"STEP Aire","2022/23","respv4","IBV_gc_per_mL_WW",4.2114539
2022-11-02,"STEP Aire","2022/23","respv4","IAV_gc_per_day",0
2022-11-02,"STEP Aire","2022/23","respv4","IBV_gc_per_day",530036742038.4
2022-11-02,"STEP Aire","2022/23","respv4","IAV_gc_per_mL_WW",0
2022-11-02,"STEP Aire","2022/23","respv4","IBV_gc_per_mL_WW",0
2022-11-02,"STEP Aire","2022/23","respv4","IAV_gc_per_day",0
2022-11-02,"STEP Aire","2022/23","respv4","IBV_gc_per_day",0
2022-11-01,"STEP Aire","2022/23","respv4","IAV_gc_per_mL_WW",0
2022-11-01,"STEP Aire","2022/23","respv4","IBV_gc_per_mL_WW",0
2022-11-01,"STEP Aire","2022/23","respv4","IAV_gc_per_day",0
2022-11-01,"STEP Aire","2022/23","respv4","IBV_gc_per_day",0
2022-11-01,"STEP Aire","2022/23","respv4","IAV_gc_per_mL_WW",0
2022-11-01,"STEP Aire","2022/23","respv4","IBV_gc_per_mL_WW",0
2022-11-01,"STEP Aire","2022/23","respv4","IAV_gc_per_day",0
2022-11-01,"STEP Aire","2022/23","respv4","IBV_gc_per_day",0
2022-10-31,"STEP Aire","2022/23","respv4","IAV_gc_per_mL_WW",3.766998913
2022-10-31,"STEP Aire","2022/23","respv4","IBV_gc_per_mL_WW",0
2022-10-31,"STEP Aire","2022/23","respv4","IAV_gc_per_day",707084530964.665
2022-10-31,"STEP Aire","2022/23","respv4","IBV_gc_per_day",0
2022-10-31,"STEP Aire","2022/23","respv4","IAV_gc_per_mL_WW",0
2022-10-31,"STEP Aire","2022/23","respv4","IBV_gc_per_mL_WW",0
2022-10-31,"STEP Aire","2022/23","respv4","IAV_gc_per_day",0
2022-10-31,"STEP Aire","2022/23","respv4","IBV_gc_per_day",0
2022-04-29,"STEP Aire","2021/22","respv4","IAV_gc_per_mL_WW",10.04770956
2022-04-29,"STEP Aire","2021/22","respv4","IBV_gc_per_mL_WW",0
2022-04-29,"STEP Aire","2021/22","respv4","IAV_gc_per_day",1123966934510.28
2022-04-29,"STEP Aire","2021/22","respv4","IBV_gc_per_day",0
2022-04-29,"STEP Aire","2021/22","respv4","IAV_gc_per_mL_WW",8.395260638
2022-04-29,"STEP Aire","2021/22","respv4","IBV_gc_per_mL_WW",0
2022-04-29,"STEP Aire","2021/22","respv4","IAV_gc_per_day",939119040748.594
2022-04-29,"STEP Aire","2021/22","respv4","IBV_gc_per_day",0
2022-04-25,"STEP Aire","2021/22","respv4","IAV_gc_per_mL_WW",2.190811583
2022-04-25,"STEP Aire","2021/22","respv4","IBV_gc_per_mL_WW",0
2022-04-25,"STEP Aire","2021/22","respv4","IAV_gc_per_day",280899288737.511
2022-04-25,"STEP Aire","2021/22","respv4","IBV_gc_per_day",0
2022-04-25,"STEP Aire","2021/22","respv4","IAV_gc_per_mL_WW",6.305030443
2022-04-25,"STEP Aire","2021/22","respv4","IBV_gc_per_mL_WW",2.1016004
2022-04-25,"STEP Aire","2021/22","respv4","IAV_gc_per_day",808412088310.131
2022-04-25,"STEP Aire","2021/22","respv4","IBV_gc_per_day",269460898486.8
2022-04-22,"STEP Aire","2021/22","respv4","IAV_gc_per_mL_WW",19.24394617
2022-04-22,"STEP Aire","2021/22","respv4","IBV_gc_per_mL_WW",0
2022-04-22,"STEP Aire","2021/22","respv4","IAV_gc_per_day",2221270974564.59
2022-04-22,"STEP Aire","2021/22","respv4","IBV_gc_per_day",0
2022-04-22,"STEP Aire","2021/22","respv4","IAV_gc_per_mL_WW",20.24521702
2022-04-22,"STEP Aire","2021/22","respv4","IBV_gc_per_mL_WW",0
2022-04-22,"STEP Aire","2021/22","respv4","IAV_gc_per_day",2336844664967.54
2022-04-22,"STEP Aire","2021/22","respv4","IBV_gc_per_day",0
2022-04-18,"STEP Aire","2021/22","respv4","IAV_gc_per_mL_WW",17.05746031
2022-04-18,"STEP Aire","2021/22","respv4","IBV_gc_per_mL_WW",2.131907287
2022-04-18,"STEP Aire","2021/22","respv4","IAV_gc_per_day",1772577160494.58
2022-04-18,"STEP Aire","2021/22","respv4","IBV_gc_per_day",221543541450.466
2022-04-18,"STEP Aire","2021/22","respv4","IAV_gc_per_mL_WW",21.97129038
2022-04-18,"STEP Aire","2021/22","respv4","IBV_gc_per_mL_WW",0
2022-04-18,"STEP Aire","2021/22","respv4","IAV_gc_per_day",2283212553708.84
2022-04-18,"STEP Aire","2021/22","respv4","IBV_gc_per_day",0
2022-04-15,"STEP Aire","2021/22","respv4","IAV_gc_per_mL_WW",17.69584223
2022-04-15,"STEP Aire","2021/22","respv4","IBV_gc_per_mL_WW",0
2022-04-15,"STEP Aire","2021/22","respv4","IAV_gc_per_day",1980200137221.46
2022-04-15,"STEP Aire","2021/22","respv4","IBV_gc_per_day",0
2022-04-15,"STEP Aire","2021/22","respv4","IAV_gc_per_mL_WW",20.38994984
2022-04-15,"STEP Aire","2021/22","respv4","IBV_gc_per_mL_WW",0
2022-04-15,"STEP Aire","2021/22","respv4","IAV_gc_per_day",2281676166995.68
2022-04-15,"STEP Aire","2021/22","respv4","IBV_gc_per_day",0
2022-04-11,"STEP Aire","2021/22","respv4","IAV_gc_per_mL_WW",6.124005608
2022-04-11,"STEP Aire","2021/22","respv4","IBV_gc_per_mL_WW",0
2022-04-11,"STEP Aire","2021/22","respv4","IAV_gc_per_day",868273763113.456
2022-04-11,"STEP Aire","2021/22","respv4","IBV_gc_per_day",0
2022-04-08,"STEP Aire","2021/22","respv4","IAV_gc_per_mL_WW",14.52270264
2022-04-08,"STEP Aire","2021/22","respv4","IBV_gc_per_mL_WW",0
2022-04-08,"STEP Aire","2021/22","respv4","IAV_gc_per_day",3187849411101.12
2022-04-08,"STEP Aire","2021/22","respv4","IBV_gc_per_day",0
2022-04-08,"STEP Aire","2021/22","respv4","IAV_gc_per_mL_WW",14.78646713
2022-04-08,"STEP Aire","2021/22","respv4","IBV_gc_per_mL_WW",0
2022-04-08,"STEP Aire","2021/22","respv4","IAV_gc_per_day",3245747826772.04
2022-04-08,"STEP Aire","2021/22","respv4","IBV_gc_per_day",0
2022-04-05,"STEP Aire","2021/22","respv4","IAV_gc_per_mL_WW",20.0811078
2022-04-05,"STEP Aire","2021/22","respv4","IBV_gc_per_mL_WW",0
2022-04-05,"STEP Aire","2021/22","respv4","IAV_gc_per_day",2569277337471
2022-04-05,"STEP Aire","2021/22","respv4","IBV_gc_per_day",0
2022-04-05,"STEP Aire","2021/22","respv4","IAV_gc_per_mL_WW",18.8397421
2022-04-05,"STEP Aire","2021/22","respv4","IBV_gc_per_mL_WW",0
2022-04-05,"STEP Aire","2021/22","respv4","IAV_gc_per_day",2410450802984.5
2022-04-05,"STEP Aire","2021/22","respv4","IBV_gc_per_day",0
2022-04-02,"STEP Aire","2021/22","respv4","IAV_gc_per_mL_WW",22.57988098
2022-04-02,"STEP Aire","2021/22","respv4","IBV_gc_per_mL_WW",0
2022-04-02,"STEP Aire","2021/22","respv4","IAV_gc_per_day",3304859119875.74
2022-04-02,"STEP Aire","2021/22","respv4","IBV_gc_per_day",0
2022-04-02,"STEP Aire","2021/22","respv4","IAV_gc_per_mL_WW",17.43168536
2022-04-02,"STEP Aire","2021/22","respv4","IBV_gc_per_mL_WW",0
2022-04-02,"STEP Aire","2021/22","respv4","IAV_gc_per_day",2551353764345.68
2022-04-02,"STEP Aire","2021/22","respv4","IBV_gc_per_day",0
2022-03-28,"STEP Aire","2021/22","respv4","IAV_gc_per_mL_WW",17.92355618
2022-03-28,"STEP Aire","2021/22","respv4","IBV_gc_per_mL_WW",0
2022-03-28,"STEP Aire","2021/22","respv4","IAV_gc_per_day",2309432290236.82
2022-03-28,"STEP Aire","2021/22","respv4","IBV_gc_per_day",0
2022-03-28,"STEP Aire","2021/22","respv4","IAV_gc_per_mL_WW",18.98411584
2022-03-28,"STEP Aire","2021/22","respv4","IBV_gc_per_mL_WW",0
2022-03-28,"STEP Aire","2021/22","respv4","IAV_gc_per_day",2446084341868.16
2022-03-28,"STEP Aire","2021/22","respv4","IBV_gc_per_day",0
2022-03-25,"STEP Aire","2021/22","respv4","IAV_gc_per_mL_WW",27.63631051
2022-03-25,"STEP Aire","2021/22","respv4","IBV_gc_per_mL_WW",0
2022-03-25,"STEP Aire","2021/22","respv4","IAV_gc_per_day",3661479506848.88
2022-03-25,"STEP Aire","2021/22","respv4","IBV_gc_per_day",0
2022-03-25,"STEP Aire","2021/22","respv4","IAV_gc_per_mL_WW",22.04220138
2022-03-25,"STEP Aire","2021/22","respv4","IBV_gc_per_mL_WW",0
2022-03-25,"STEP Aire","2021/22","respv4","IAV_gc_per_day",2920327176433.44
2022-03-25,"STEP Aire","2021/22","respv4","IBV_gc_per_day",0
2022-03-21,"STEP Aire","2021/22","respv4","IAV_gc_per_mL_WW",6.920499045
2022-03-21,"STEP Aire","2021/22","respv4","IBV_gc_per_mL_WW",0
2022-03-21,"STEP Aire","2021/22","respv4","IAV_gc_per_day",973658851639.14
2022-03-21,"STEP Aire","2021/22","respv4","IBV_gc_per_day",0
2022-03-21,"STEP Aire","2021/22","respv4","IAV_gc_per_mL_WW",26.93126382
2022-03-21,"STEP Aire","2021/22","respv4","IBV_gc_per_mL_WW",0
2022-03-21,"STEP Aire","2021/22","respv4","IAV_gc_per_day",3789013369363.44
2022-03-21,"STEP Aire","2021/22","respv4","IBV_gc_per_day",0
2022-03-18,"STEP Aire","2021/22","respv4","IAV_gc_per_mL_WW",15.6479341
2022-03-18,"STEP Aire","2021/22","respv4","IBV_gc_per_mL_WW",0
2022-03-18,"STEP Aire","2021/22","respv4","IAV_gc_per_day",2307475658254.2
2022-03-18,"STEP Aire","2021/22","respv4","IBV_gc_per_day",0
2022-03-18,"STEP Aire","2021/22","respv4","IAV_gc_per_mL_WW",39.24507719
2022-03-18,"STEP Aire","2021/22","respv4","IBV_gc_per_mL_WW",0
2022-03-18,"STEP Aire","2021/22","respv4","IAV_gc_per_day",5787157572591.78
2022-03-18,"STEP Aire","2021/22","respv4","IBV_gc_per_day",0
2022-10-07,"STEP Aire","2022/23","respv4","IAV_gc_per_mL_WW",2.110501423
2022-10-07,"STEP Aire","2022/23","respv4","IBV_gc_per_mL_WW",0
2022-10-07,"STEP Aire","2022/23","respv4","IAV_gc_per_day",241937330625.605
2022-10-07,"STEP Aire","2022/23","respv4","IBV_gc_per_day",0
2022-10-07,"STEP Aire","2022/23","respv4","IAV_gc_per_mL_WW",0
2022-10-07,"STEP Aire","2022/23","respv4","IBV_gc_per_mL_WW",0
2022-10-07,"STEP Aire","2022/23","respv4","IAV_gc_per_day",0
2022-10-07,"STEP Aire","2022/23","respv4","IBV_gc_per_day",0
2022-10-03,"STEP Aire","2022/23","respv4","IAV_gc_per_mL_WW",0
2022-10-03,"STEP Aire","2022/23","respv4","IBV_gc_per_mL_WW",0
2022-10-03,"STEP Aire","2022/23","respv4","IAV_gc_per_day",0
2022-10-03,"STEP Aire","2022/23","respv4","IBV_gc_per_day",0
2022-10-03,"STEP Aire","2022/23","respv4","IAV_gc_per_mL_WW",6.132018062
2022-10-03,"STEP Aire","2022/23","respv4","IBV_gc_per_mL_WW",0
2022-10-03,"STEP Aire","2022/23","respv4","IAV_gc_per_day",806317451026.566
2022-10-03,"STEP Aire","2022/23","respv4","IBV_gc_per_day",0
2022-09-30,"STEP Aire","2022/23","respv4","IAV_gc_per_mL_WW",2.059591606
2022-09-30,"STEP Aire","2022/23","respv4","IBV_gc_per_mL_WW",0
2022-09-30,"STEP Aire","2022/23","respv4","IAV_gc_per_day",261996529016.048
2022-09-30,"STEP Aire","2022/23","respv4","IBV_gc_per_day",0
2022-09-30,"STEP Aire","2022/23","respv4","IAV_gc_per_mL_WW",0
2022-09-30,"STEP Aire","2022/23","respv4","IBV_gc_per_mL_WW",0
2022-09-30,"STEP Aire","2022/23","respv4","IAV_gc_per_day",0
2022-09-30,"STEP Aire","2022/23","respv4","IBV_gc_per_day",0
2022-09-26,"STEP Aire","2022/23","respv4","IAV_gc_per_mL_WW",0
2022-09-26,"STEP Aire","2022/23","respv4","IBV_gc_per_mL_WW",0
2022-09-26,"STEP Aire","2022/23","respv4","IAV_gc_per_day",0
2022-09-26,"STEP Aire","2022/23","respv4","IBV_gc_per_day",0
2022-09-26,"STEP Aire","2022/23","respv4","IAV_gc_per_mL_WW",0
2022-09-26,"STEP Aire","2022/23","respv4","IBV_gc_per_mL_WW",0
2022-09-26,"STEP Aire","2022/23","respv4","IAV_gc_per_day",0
2022-09-26,"STEP Aire","2022/23","respv4","IBV_gc_per_day",0
2022-09-23,"STEP Aire","2022/23","respv4","IAV_gc_per_mL_WW",2.01810136
2022-09-23,"STEP Aire","2022/23","respv4","IBV_gc_per_mL_WW",0
2022-09-23,"STEP Aire","2022/23","respv4","IAV_gc_per_day",269713192459.92
2022-09-23,"STEP Aire","2022/23","respv4","IBV_gc_per_day",0
2022-09-23,"STEP Aire","2022/23","respv4","IAV_gc_per_mL_WW",0
2022-09-23,"STEP Aire","2022/23","respv4","IBV_gc_per_mL_WW",2.039822434
2022-09-23,"STEP Aire","2022/23","respv4","IAV_gc_per_day",0
2022-09-23,"STEP Aire","2022/23","respv4","IBV_gc_per_day",272616148836.798
2022-09-19,"STEP Aire","2022/23","respv4","IAV_gc_per_mL_WW",3.931005354
2022-09-19,"STEP Aire","2022/23","respv4","IBV_gc_per_mL_WW",1.96546926
2022-09-19,"STEP Aire","2022/23","respv4","IAV_gc_per_day",483883173045.276
2022-09-19,"STEP Aire","2022/23","respv4","IBV_gc_per_day",241937473090.44
2022-09-19,"STEP Aire","2022/23","respv4","IAV_gc_per_mL_WW",2.038168164
2022-09-19,"STEP Aire","2022/23","respv4","IBV_gc_per_mL_WW",0
2022-09-19,"STEP Aire","2022/23","respv4","IAV_gc_per_day",250886271979.416
2022-09-19,"STEP Aire","2022/23","respv4","IBV_gc_per_day",0
2022-09-16,"STEP Aire","2022/23","respv4","IAV_gc_per_mL_WW",4.245884254
2022-09-16,"STEP Aire","2022/23","respv4","IBV_gc_per_mL_WW",0
2022-09-16,"STEP Aire","2022/23","respv4","IAV_gc_per_day",508724867777.264
2022-09-16,"STEP Aire","2022/23","respv4","IBV_gc_per_day",0
2022-09-16,"STEP Aire","2022/23","respv4","IAV_gc_per_mL_WW",0
2022-09-16,"STEP Aire","2022/23","respv4","IBV_gc_per_mL_WW",4.122047225
2022-09-16,"STEP Aire","2022/23","respv4","IAV_gc_per_day",0
2022-09-16,"STEP Aire","2022/23","respv4","IBV_gc_per_day",493887210310.6
2022-10-10,"STEP Aire","2022/23","respv4","IAV_gc_per_mL_WW",0
2022-10-10,"STEP Aire","2022/23","respv4","IBV_gc_per_mL_WW",0
2022-10-10,"STEP Aire","2022/23","respv4","IAV_gc_per_day",0
2022-10-10,"STEP Aire","2022/23","respv4","IBV_gc_per_day",0
2022-10-10,"STEP Aire","2022/23","respv4","IAV_gc_per_mL_WW",2.210838126
2022-10-10,"STEP Aire","2022/23","respv4","IBV_gc_per_mL_WW",0
2022-10-10,"STEP Aire","2022/23","respv4","IAV_gc_per_day",258889144554.6
2022-10-10,"STEP Aire","2022/23","respv4","IBV_gc_per_day",0
2022-01-17,"STEP Aire","2021/22","respv4","IAV_gc_per_mL_WW",4.35037768
2022-01-17,"STEP Aire","2021/22","respv4","IBV_gc_per_mL_WW",0
2022-01-17,"STEP Aire","2021/22","respv4","IAV_gc_per_day",649324321383.76
2022-01-17,"STEP Aire","2021/22","respv4","IBV_gc_per_day",0
2022-01-17,"STEP Aire","2021/22","respv4","IAV_gc_per_mL_WW",6.992777984
2022-01-17,"STEP Aire","2021/22","respv4","IBV_gc_per_mL_WW",0
2022-01-17,"STEP Aire","2021/22","respv4","IAV_gc_per_day",1043721063557.89
2022-01-17,"STEP Aire","2021/22","respv4","IBV_gc_per_day",0
2022-01-14,"STEP Aire","2021/22","respv4","IAV_gc_per_mL_WW",4.367635214
2022-01-14,"STEP Aire","2021/22","respv4","IBV_gc_per_mL_WW",0
2022-01-14,"STEP Aire","2021/22","respv4","IAV_gc_per_day",648052242512.464
2022-01-14,"STEP Aire","2021/22","respv4","IBV_gc_per_day",0
2022-01-14,"STEP Aire","2021/22","respv4","IAV_gc_per_mL_WW",4.314657627
2022-01-14,"STEP Aire","2021/22","respv4","IBV_gc_per_mL_WW",2.157288556
2022-01-14,"STEP Aire","2021/22","respv4","IAV_gc_per_day",640191640063.752
2022-01-14,"STEP Aire","2021/22","respv4","IBV_gc_per_day",320089846785.056
2022-01-10,"STEP Aire","2021/22","respv4","IAV_gc_per_mL_WW",0
2022-01-10,"STEP Aire","2021/22","respv4","IBV_gc_per_mL_WW",2.172123639
2022-01-10,"STEP Aire","2021/22","respv4","IAV_gc_per_day",0
2022-01-10,"STEP Aire","2021/22","respv4","IBV_gc_per_day",363150834833.493
2022-01-10,"STEP Aire","2021/22","respv4","IAV_gc_per_mL_WW",2.123371043
2022-01-10,"STEP Aire","2021/22","respv4","IBV_gc_per_mL_WW",0
2022-01-10,"STEP Aire","2021/22","respv4","IAV_gc_per_day",355000034566.041
2022-01-10,"STEP Aire","2021/22","respv4","IBV_gc_per_day",0
2022-01-07,"STEP Aire","2021/22","respv4","IAV_gc_per_mL_WW",4.722505575
2022-01-07,"STEP Aire","2021/22","respv4","IBV_gc_per_mL_WW",0
2022-01-07,"STEP Aire","2021/22","respv4","IAV_gc_per_day",729537383731.575
2022-01-07,"STEP Aire","2021/22","respv4","IBV_gc_per_day",0
2022-01-07,"STEP Aire","2021/22","respv4","IAV_gc_per_mL_WW",2.431015381
2022-01-07,"STEP Aire","2021/22","respv4","IBV_gc_per_mL_WW",0
2022-01-07,"STEP Aire","2021/22","respv4","IAV_gc_per_day",375545687072.261
2022-01-07,"STEP Aire","2021/22","respv4","IBV_gc_per_day",0
2022-01-03,"STEP Aire","2021/22","respv4","IAV_gc_per_mL_WW",2.402921087
2022-01-03,"STEP Aire","2021/22","respv4","IBV_gc_per_mL_WW",0
2022-01-03,"STEP Aire","2021/22","respv4","IAV_gc_per_day",378642693205.112
2022-01-03,"STEP Aire","2021/22","respv4","IBV_gc_per_day",0
2022-01-03,"STEP Aire","2021/22","respv4","IAV_gc_per_mL_WW",4.74674344
2022-01-03,"STEP Aire","2021/22","respv4","IBV_gc_per_mL_WW",0
2022-01-03,"STEP Aire","2021/22","respv4","IAV_gc_per_day",747972844301.44
2022-01-03,"STEP Aire","2021/22","respv4","IBV_gc_per_day",0
2021-12-31,"STEP Aire","2021/22","respv4","IAV_gc_per_mL_WW",0
2021-12-31,"STEP Aire","2021/22","respv4","IBV_gc_per_mL_WW",0
2021-12-31,"STEP Aire","2021/22","respv4","IAV_gc_per_day",0
2021-12-31,"STEP Aire","2021/22","respv4","IBV_gc_per_day",0
2021-12-27,"STEP Aire","2021/22","respv4","IAV_gc_per_mL_WW",13.22229549
2021-12-27,"STEP Aire","2021/22","respv4","IBV_gc_per_mL_WW",0
2021-12-27,"STEP Aire","2021/22","respv4","IAV_gc_per_day",3700576727968.26
2021-12-27,"STEP Aire","2021/22","respv4","IBV_gc_per_day",0
2021-12-27,"STEP Aire","2021/22","respv4","IAV_gc_per_mL_WW",9.209873464
2021-12-27,"STEP Aire","2021/22","respv4","IBV_gc_per_mL_WW",0
2021-12-27,"STEP Aire","2021/22","respv4","IAV_gc_per_day",2577604125863.54
2021-12-27,"STEP Aire","2021/22","respv4","IBV_gc_per_day",0
2021-12-27,"STEP Aire","2021/22","respv4","IAV_gc_per_mL_WW",9.2348873
2021-12-27,"STEP Aire","2021/22","respv4","IBV_gc_per_mL_WW",0
2021-12-27,"STEP Aire","2021/22","respv4","IAV_gc_per_day",2584604848200.2
2021-12-27,"STEP Aire","2021/22","respv4","IBV_gc_per_day",0
2021-12-24,"STEP Aire","2021/22","respv4","IAV_gc_per_mL_WW",22.88611829
2021-12-24,"STEP Aire","2021/22","respv4","IBV_gc_per_mL_WW",0
2021-12-24,"STEP Aire","2021/22","respv4","IAV_gc_per_day",3204354080137.77
2021-12-24,"STEP Aire","2021/22","respv4","IBV_gc_per_day",0
2021-12-24,"STEP Aire","2021/22","respv4","IAV_gc_per_mL_WW",11.39995432
2021-12-24,"STEP Aire","2021/22","respv4","IBV_gc_per_mL_WW",0
2021-12-24,"STEP Aire","2021/22","respv4","IAV_gc_per_day",1596141804206.16
2021-12-24,"STEP Aire","2021/22","respv4","IBV_gc_per_day",0
2021-12-20,"STEP Aire","2021/22","respv4","IAV_gc_per_mL_WW",4.679684929
2021-12-20,"STEP Aire","2021/22","respv4","IBV_gc_per_mL_WW",4.679684929
2021-12-20,"STEP Aire","2021/22","respv4","IAV_gc_per_day",719941448217.076
2021-12-20,"STEP Aire","2021/22","respv4","IBV_gc_per_day",719941448217.076
2021-12-20,"STEP Aire","2021/22","respv4","IAV_gc_per_mL_WW",4.557914228
2021-12-20,"STEP Aire","2021/22","respv4","IBV_gc_per_mL_WW",4.557914228
2021-12-20,"STEP Aire","2021/22","respv4","IAV_gc_per_day",701207756492.432
2021-12-20,"STEP Aire","2021/22","respv4","IBV_gc_per_day",701207756492.432
2021-12-17,"STEP Aire","2021/22","respv4","IAV_gc_per_mL_WW",4.815551151
2021-12-17,"STEP Aire","2021/22","respv4","IBV_gc_per_mL_WW",2.407725428
2021-12-17,"STEP Aire","2021/22","respv4","IAV_gc_per_day",734419706039.01
2021-12-17,"STEP Aire","2021/22","respv4","IBV_gc_per_day",367202205024.28
2021-12-17,"STEP Aire","2021/22","respv4","IAV_gc_per_mL_WW",2.236500289
2021-12-17,"STEP Aire","2021/22","respv4","IBV_gc_per_mL_WW",4.473087114
2021-12-17,"STEP Aire","2021/22","respv4","IAV_gc_per_day",341088659075.39
2021-12-17,"STEP Aire","2021/22","respv4","IBV_gc_per_day",682190515756.14
2021-12-13,"STEP Aire","2021/22","respv4","IAV_gc_per_mL_WW",4.614310548
2021-12-13,"STEP Aire","2021/22","respv4","IBV_gc_per_mL_WW",0
2021-12-13,"STEP Aire","2021/22","respv4","IAV_gc_per_day",752833994527.296
2021-12-13,"STEP Aire","2021/22","respv4","IBV_gc_per_day",0
2021-12-13,"STEP Aire","2021/22","respv4","IAV_gc_per_mL_WW",0
2021-12-13,"STEP Aire","2021/22","respv4","IBV_gc_per_mL_WW",2.314499518
2021-12-13,"STEP Aire","2021/22","respv4","IAV_gc_per_day",0
2021-12-13,"STEP Aire","2021/22","respv4","IBV_gc_per_day",377615225360.736
2021-12-10,"STEP Aire","2021/22","respv4","IAV_gc_per_mL_WW",0
2021-12-10,"STEP Aire","2021/22","respv4","IBV_gc_per_mL_WW",0
2021-12-10,"STEP Aire","2021/22","respv4","IAV_gc_per_day",0
2021-12-10,"STEP Aire","2021/22","respv4","IBV_gc_per_day",0
2021-12-10,"STEP Aire","2021/22","respv4","IAV_gc_per_mL_WW",6.422012954
2021-12-10,"STEP Aire","2021/22","respv4","IBV_gc_per_mL_WW",2.140591709
2021-12-10,"STEP Aire","2021/22","respv4","IAV_gc_per_day",2004111160541.83
2021-12-10,"STEP Aire","2021/22","respv4","IBV_gc_per_day",668012314035.921
2021-12-06,"STEP Aire","2021/22","respv4","IAV_gc_per_mL_WW",0
2021-12-06,"STEP Aire","2021/22","respv4","IBV_gc_per_mL_WW",0
2021-12-06,"STEP Aire","2021/22","respv4","IAV_gc_per_day",0
2021-12-06,"STEP Aire","2021/22","respv4","IBV_gc_per_day",0
2021-12-06,"STEP Aire","2021/22","respv4","IAV_gc_per_mL_WW",0
2021-12-06,"STEP Aire","2021/22","respv4","IBV_gc_per_mL_WW",0
2021-12-06,"STEP Aire","2021/22","respv4","IAV_gc_per_day",0
2021-12-06,"STEP Aire","2021/22","respv4","IBV_gc_per_day",0
2022-03-04,"STEP Aire","2021/22","iabv","IAV_gc_per_mL_WW",29.3841241
2022-03-04,"STEP Aire","2021/22","iabv","IAV_gc_per_day",4309328719885.5
2022-02-28,"STEP Aire","2021/22","iabv","IAV_gc_per_mL_WW",17.82498905
2022-02-28,"STEP Aire","2021/22","iabv","IAV_gc_per_day",2654301294446.45
2022-02-28,"STEP Aire","2021/22","iabv","IAV_gc_per_mL_WW",34.31355437
2022-02-28,"STEP Aire","2021/22","iabv","IAV_gc_per_day",5109597067682.33
2022-02-25,"STEP Aire","2021/22","iabv","IAV_gc_per_mL_WW",8.447711847
2022-02-25,"STEP Aire","2021/22","iabv","IAV_gc_per_day",1209602516236.39
2022-02-25,"STEP Aire","2021/22","iabv","IAV_gc_per_mL_WW",14.90663758
2022-02-25,"STEP Aire","2021/22","iabv","IAV_gc_per_day",2134436715167.46
2022-02-22,"STEP Aire","2021/22","iabv","IAV_gc_per_mL_WW",23.59903201
2022-02-22,"STEP Aire","2021/22","iabv","IAV_gc_per_day",3607489627240.66
2022-02-22,"STEP Aire","2021/22","iabv","IAV_gc_per_mL_WW",23.47348995
2022-02-22,"STEP Aire","2021/22","iabv","IAV_gc_per_day",3588298514696.7
2022-02-18,"STEP Aire","2021/22","iabv","IAV_gc_per_mL_WW",17.11765519
2022-02-18,"STEP Aire","2021/22","iabv","IAV_gc_per_day",2427642976700.99
2022-02-18,"STEP Aire","2021/22","iabv","IAV_gc_per_mL_WW",21.85799542
2022-02-18,"STEP Aire","2021/22","iabv","IAV_gc_per_day",3099922768459.82
2022-02-14,"STEP Aire","2021/22","iabv","IAV_gc_per_mL_WW",6.808818926
2022-02-14,"STEP Aire","2021/22","iabv","IAV_gc_per_day",1183713170285.1
2022-02-14,"STEP Aire","2021/22","iabv","IAV_gc_per_mL_WW",7.588578644
2022-02-14,"STEP Aire","2021/22","iabv","IAV_gc_per_day",1319274397259.4
2022-02-11,"STEP Aire","2021/22","iabv","IAV_gc_per_mL_WW",13.08451648
2022-02-11,"STEP Aire","2021/22","iabv","IAV_gc_per_day",1949004152278.4
2022-02-11,"STEP Aire","2021/22","iabv","IAV_gc_per_mL_WW",9.962250567
2022-02-11,"STEP Aire","2021/22","iabv","IAV_gc_per_day",1483927033207.48
2022-02-07,"STEP Aire","2021/22","iabv","IAV_gc_per_mL_WW",0
2022-02-07,"STEP Aire","2021/22","iabv","IAV_gc_per_day",0
2022-02-04,"STEP Aire","2021/22","iabv","IAV_gc_per_mL_WW",9.19778317
2022-02-04,"STEP Aire","2021/22","iabv","IAV_gc_per_day",1214245345187.55
2022-02-04,"STEP Aire","2021/22","iabv","IAV_gc_per_mL_WW",7.47249283
2022-02-04,"STEP Aire","2021/22","iabv","IAV_gc_per_day",986481140952.45
2022-01-31,"STEP Aire","2021/22","iabv","IAV_gc_per_mL_WW",6.621244934
2022-01-31,"STEP Aire","2021/22","iabv","IAV_gc_per_day",961530568070.546
2022-01-28,"STEP Aire","2021/22","iabv","IAV_gc_per_mL_WW",5.035803306
2022-01-28,"STEP Aire","2021/22","iabv","IAV_gc_per_day",681802445402.646
2022-01-28,"STEP Aire","2021/22","iabv","IAV_gc_per_mL_WW",7.346497696
2022-01-28,"STEP Aire","2021/22","iabv","IAV_gc_per_day",994649669559.136
2022-01-24,"STEP Aire","2021/22","iabv","IAV_gc_per_mL_WW",7.522738428
2022-01-24,"STEP Aire","2021/22","iabv","IAV_gc_per_day",1059246707092.97
2022-01-24,"STEP Aire","2021/22","iabv","IAV_gc_per_mL_WW",9.419615145
2022-01-24,"STEP Aire","2021/22","iabv","IAV_gc_per_day",1326338330106.87
2022-01-21,"STEP Aire","2021/22","iabv","IAV_gc_per_mL_WW",2.514889087
2022-01-21,"STEP Aire","2021/22","iabv","IAV_gc_per_day",353621069412.157
2022-01-21,"STEP Aire","2021/22","iabv","IAV_gc_per_mL_WW",5.089677577
2022-01-21,"STEP Aire","2021/22","iabv","IAV_gc_per_day",715664653779.547
2022-04-28,"STEP Aire","2021/22","iabv","IAV_gc_per_mL_WW",17.33497335
2022-04-28,"STEP Aire","2021/22","iabv","IAV_gc_per_day",1986293251363.05
2022-04-28,"STEP Aire","2021/22","iabv","IAV_gc_per_mL_WW",10.8268498
2022-04-28,"STEP Aire","2021/22","iabv","IAV_gc_per_day",1240572930633.4
2022-04-28,"STEP Aire","2021/22","iabv","IAV_gc_per_mL_WW",2.256581687
2022-04-28,"STEP Aire","2021/22","iabv","IAV_gc_per_day",258565899441.521
2022-04-25,"STEP Aire","2021/22","iabv","IAV_gc_per_mL_WW",2.325954901
2022-04-25,"STEP Aire","2021/22","iabv","IAV_gc_per_day",298226959541.517
2022-04-25,"STEP Aire","2021/22","iabv","IAV_gc_per_mL_WW",6.323423516
2022-04-25,"STEP Aire","2021/22","iabv","IAV_gc_per_day",810770392950.972
2022-04-22,"STEP Aire","2021/22","iabv","IAV_gc_per_mL_WW",4.430572815
2022-04-22,"STEP Aire","2021/22","iabv","IAV_gc_per_day",511407728317.005
2022-04-22,"STEP Aire","2021/22","iabv","IAV_gc_per_mL_WW",8.883615987
2022-04-22,"STEP Aire","2021/22","iabv","IAV_gc_per_day",1025409142531.45
2022-04-18,"STEP Aire","2021/22","iabv","IAV_gc_per_mL_WW",13.78187208
2022-04-18,"STEP Aire","2021/22","iabv","IAV_gc_per_day",1432184582809.44
2022-04-18,"STEP Aire","2021/22","iabv","IAV_gc_per_mL_WW",15.4463278
2022-04-18,"STEP Aire","2021/22","iabv","IAV_gc_per_day",1605151492320.4
2022-04-15,"STEP Aire","2021/22","iabv","IAV_gc_per_mL_WW",18.72025543
2022-04-15,"STEP Aire","2021/22","iabv","IAV_gc_per_day",2094834023127.86
2022-04-15,"STEP Aire","2021/22","iabv","IAV_gc_per_mL_WW",9.200345124
2022-04-15,"STEP Aire","2021/22","iabv","IAV_gc_per_day",1029537020065.85
2022-04-11,"STEP Aire","2021/22","iabv","IAV_gc_per_mL_WW",13.52233355
2022-04-11,"STEP Aire","2021/22","iabv","IAV_gc_per_day",1917223495386.1
2022-04-08,"STEP Aire","2021/22","iabv","IAV_gc_per_mL_WW",28.62975205
2022-04-08,"STEP Aire","2021/22","iabv","IAV_gc_per_day",6284459612991.4
2022-04-08,"STEP Aire","2021/22","iabv","IAV_gc_per_mL_WW",16.25225554
2022-04-08,"STEP Aire","2021/22","iabv","IAV_gc_per_day",3567500109074.32
2022-04-04,"STEP Aire","2021/22","iabv","IAV_gc_per_mL_WW",17.53586404
2022-04-04,"STEP Aire","2021/22","iabv","IAV_gc_per_day",2240978209127.76
2022-04-04,"STEP Aire","2021/22","iabv","IAV_gc_per_mL_WW",11.1946293
2022-04-04,"STEP Aire","2021/22","iabv","IAV_gc_per_day",1430606456764.2
2022-02-25,"ARA Werdhölzli","2021/22","respv4","IAV_gc_per_mL_WW",8.578940062
2022-02-25,"ARA Werdhölzli","2021/22","respv4","IBV_gc_per_mL_WW",0
2022-02-25,"ARA Werdhölzli","2021/22","respv4","IAV_gc_per_day",1488423585042.84
2022-02-25,"ARA Werdhölzli","2021/22","respv4","IBV_gc_per_day",0
2022-02-25,"ARA Werdhölzli","2021/22","respv4","IAV_gc_per_mL_WW",22.82139004
2022-02-25,"ARA Werdhölzli","2021/22","respv4","IBV_gc_per_mL_WW",2.074299543
2022-02-25,"ARA Werdhölzli","2021/22","respv4","IAV_gc_per_day",3959451276441.12
2022-02-25,"ARA Werdhölzli","2021/22","respv4","IBV_gc_per_day",359885526642.206
2022-02-21,"ARA Werdhölzli","2021/22","respv4","IAV_gc_per_mL_WW",6.402097163
2022-02-21,"ARA Werdhölzli","2021/22","respv4","IBV_gc_per_mL_WW",0
2022-02-21,"ARA Werdhölzli","2021/22","respv4","IAV_gc_per_day",1652479824291.62
2022-02-21,"ARA Werdhölzli","2021/22","respv4","IBV_gc_per_day",0
2022-02-21,"ARA Werdhölzli","2021/22","respv4","IAV_gc_per_mL_WW",10.50609214
2022-02-21,"ARA Werdhölzli","2021/22","respv4","IBV_gc_per_mL_WW",0
2022-02-21,"ARA Werdhölzli","2021/22","respv4","IAV_gc_per_day",2711784100034.4
2022-02-21,"ARA Werdhölzli","2021/22","respv4","IBV_gc_per_day",0
2022-02-18,"ARA Werdhölzli","2021/22","respv4","IAV_gc_per_mL_WW",4.131622761
2022-02-18,"ARA Werdhölzli","2021/22","respv4","IBV_gc_per_mL_WW",2.065774466
2022-02-18,"ARA Werdhölzli","2021/22","respv4","IAV_gc_per_day",704272081423.482
2022-02-18,"ARA Werdhölzli","2021/22","respv4","IBV_gc_per_day",352129748304.797
2022-02-18,"ARA Werdhölzli","2021/22","respv4","IAV_gc_per_mL_WW",6.132018062
2022-02-18,"ARA Werdhölzli","2021/22","respv4","IBV_gc_per_mL_WW",0
2022-02-18,"ARA Werdhölzli","2021/22","respv4","IAV_gc_per_day",1045257365850.57
2022-02-18,"ARA Werdhölzli","2021/22","respv4","IBV_gc_per_day",0
2022-02-14,"ARA Werdhölzli","2021/22","respv4","IAV_gc_per_mL_WW",0
2022-02-14,"ARA Werdhölzli","2021/22","respv4","IBV_gc_per_mL_WW",6.321809839
2022-02-14,"ARA Werdhölzli","2021/22","respv4","IAV_gc_per_day",0
2022-02-14,"ARA Werdhölzli","2021/22","respv4","IBV_gc_per_day",1000052804918.42
2022-02-14,"ARA Werdhölzli","2021/22","respv4","IAV_gc_per_mL_WW",0
2022-02-14,"ARA Werdhölzli","2021/22","respv4","IBV_gc_per_mL_WW",0
2022-02-14,"ARA Werdhölzli","2021/22","respv4","IAV_gc_per_day",0
2022-02-14,"ARA Werdhölzli","2021/22","respv4","IBV_gc_per_day",0
2022-02-07,"ARA Werdhölzli","2021/22","respv4","IAV_gc_per_mL_WW",4.121753297
2022-02-07,"ARA Werdhölzli","2021/22","respv4","IBV_gc_per_mL_WW",2.06083991
2022-02-07,"ARA Werdhölzli","2021/22","respv4","IAV_gc_per_day",1238369236418.76
2022-02-07,"ARA Werdhölzli","2021/22","respv4","IBV_gc_per_day",619173580229.93
2022-02-07,"ARA Werdhölzli","2021/22","respv4","IAV_gc_per_mL_WW",2.073853017
2022-02-07,"ARA Werdhölzli","2021/22","respv4","IBV_gc_per_mL_WW",0
2022-02-07,"ARA Werdhölzli","2021/22","respv4","IAV_gc_per_day",623083331788.994
2022-02-07,"ARA Werdhölzli","2021/22","respv4","IBV_gc_per_day",0
2022-02-06,"ARA Werdhölzli","2021/22","respv4","IAV_gc_per_mL_WW",0
2022-02-06,"ARA Werdhölzli","2021/22","respv4","IBV_gc_per_mL_WW",0
2022-02-06,"ARA Werdhölzli","2021/22","respv4","IAV_gc_per_day",0
2022-02-06,"ARA Werdhölzli","2021/22","respv4","IBV_gc_per_day",0
2022-02-06,"ARA Werdhölzli","2021/22","respv4","IAV_gc_per_mL_WW",10.98695489
2022-02-06,"ARA Werdhölzli","2021/22","respv4","IBV_gc_per_mL_WW",0
2022-02-06,"ARA Werdhölzli","2021/22","respv4","IAV_gc_per_day",1560435936573.48
2022-02-06,"ARA Werdhölzli","2021/22","respv4","IBV_gc_per_day",0
2022-02-04,"ARA Werdhölzli","2021/22","respv4","IAV_gc_per_mL_WW",8.12731109
2022-02-04,"ARA Werdhölzli","2021/22","respv4","IBV_gc_per_mL_WW",0
2022-02-04,"ARA Werdhölzli","2021/22","respv4","IAV_gc_per_day",1227957349143.51
2022-02-04,"ARA Werdhölzli","2021/22","respv4","IBV_gc_per_day",0
2022-02-04,"ARA Werdhölzli","2021/22","respv4","IAV_gc_per_mL_WW",0
2022-02-04,"ARA Werdhölzli","2021/22","respv4","IBV_gc_per_mL_WW",0
2022-02-04,"ARA Werdhölzli","2021/22","respv4","IAV_gc_per_day",0
2022-02-04,"ARA Werdhölzli","2021/22","respv4","IBV_gc_per_day",0
2022-01-28,"ARA Werdhölzli","2021/22","respv4","IAV_gc_per_mL_WW",6.078710184
2022-01-28,"ARA Werdhölzli","2021/22","respv4","IBV_gc_per_mL_WW",0
2022-01-28,"ARA Werdhölzli","2021/22","respv4","IAV_gc_per_day",987160354795.688
2022-01-28,"ARA Werdhölzli","2021/22","respv4","IBV_gc_per_day",0
2022-01-28,"ARA Werdhölzli","2021/22","respv4","IAV_gc_per_mL_WW",10.38752644
2022-01-28,"ARA Werdhölzli","2021/22","respv4","IBV_gc_per_mL_WW",2.077355958
2022-01-28,"ARA Werdhölzli","2021/22","respv4","IAV_gc_per_day",1686896393407.66
2022-01-28,"ARA Werdhölzli","2021/22","respv4","IBV_gc_per_day",337355028034.384
2022-11-13,"ARA Werdhölzli","2022/23","respv4","IAV_gc_per_mL_WW",3.755544829
2022-11-13,"ARA Werdhölzli","2022/23","respv4","IBV_gc_per_mL_WW",0
2022-11-13,"ARA Werdhölzli","2022/23","respv4","IAV_gc_per_day",511973251500.379
2022-11-13,"ARA Werdhölzli","2022/23","respv4","IBV_gc_per_day",0
2022-11-13,"ARA Werdhölzli","2022/23","respv4","IAV_gc_per_mL_WW",13.06913302
2022-11-13,"ARA Werdhölzli","2022/23","respv4","IBV_gc_per_mL_WW",0
2022-11-13,"ARA Werdhölzli","2022/23","respv4","IAV_gc_per_day",1781644696362.74
2022-11-13,"ARA Werdhölzli","2022/23","respv4","IBV_gc_per_day",0
2022-11-12,"ARA Werdhölzli","2022/23","respv4","IAV_gc_per_mL_WW",0
2022-11-12,"ARA Werdhölzli","2022/23","respv4","IBV_gc_per_mL_WW",0
2022-11-12,"ARA Werdhölzli","2022/23","respv4","IAV_gc_per_day",0
2022-11-12,"ARA Werdhölzli","2022/23","respv4","IBV_gc_per_day",0
2022-11-10,"ARA Werdhölzli","2022/23","respv4","IAV_gc_per_mL_WW",2.523122208
2022-11-10,"ARA Werdhölzli","2022/23","respv4","IBV_gc_per_mL_WW",0
2022-11-10,"ARA Werdhölzli","2022/23","respv4","IAV_gc_per_day",495983524906.929
2022-11-10,"ARA Werdhölzli","2022/23","respv4","IBV_gc_per_day",0
2022-11-08,"ARA Werdhölzli","2022/23","respv4","IAV_gc_per_mL_WW",0
2022-11-08,"ARA Werdhölzli","2022/23","respv4","IBV_gc_per_mL_WW",0
2022-11-08,"ARA Werdhölzli","2022/23","respv4","IAV_gc_per_day",0
2022-11-08,"ARA Werdhölzli","2022/23","respv4","IBV_gc_per_day",0
2022-11-08,"ARA Werdhölzli","2022/23","respv4","IAV_gc_per_mL_WW",6.945167104
2022-11-08,"ARA Werdhölzli","2022/23","respv4","IBV_gc_per_mL_WW",0
2022-11-08,"ARA Werdhölzli","2022/23","respv4","IAV_gc_per_day",964199752286.831
2022-11-08,"ARA Werdhölzli","2022/23","respv4","IBV_gc_per_day",0
2022-11-06,"ARA Werdhölzli","2022/23","respv4","IAV_gc_per_mL_WW",14.79358519
2022-11-06,"ARA Werdhölzli","2022/23","respv4","IBV_gc_per_mL_WW",0
2022-11-06,"ARA Werdhölzli","2022/23","respv4","IAV_gc_per_day",2046918902694.98
2022-11-06,"ARA Werdhölzli","2022/23","respv4","IBV_gc_per_day",0
2022-11-06,"ARA Werdhölzli","2022/23","respv4","IAV_gc_per_mL_WW",9.336693318
2022-11-06,"ARA Werdhölzli","2022/23","respv4","IBV_gc_per_mL_WW",0
2022-11-06,"ARA Werdhölzli","2022/23","respv4","IAV_gc_per_day",1291874403386.6
2022-11-06,"ARA Werdhölzli","2022/23","respv4","IBV_gc_per_day",0
2022-11-05,"ARA Werdhölzli","2022/23","respv4","IAV_gc_per_mL_WW",7.342143017
2022-11-05,"ARA Werdhölzli","2022/23","respv4","IBV_gc_per_mL_WW",0
2022-11-05,"ARA Werdhölzli","2022/23","respv4","IAV_gc_per_day",1636821476304.39
2022-11-05,"ARA Werdhölzli","2022/23","respv4","IBV_gc_per_day",0
2022-11-05,"ARA Werdhölzli","2022/23","respv4","IAV_gc_per_mL_WW",0
2022-11-05,"ARA Werdhölzli","2022/23","respv4","IBV_gc_per_mL_WW",0
2022-11-05,"ARA Werdhölzli","2022/23","respv4","IAV_gc_per_day",0
2022-11-05,"ARA Werdhölzli","2022/23","respv4","IBV_gc_per_day",0
2022-11-04,"ARA Werdhölzli","2022/23","respv4","IAV_gc_per_mL_WW",0
2022-11-04,"ARA Werdhölzli","2022/23","respv4","IBV_gc_per_mL_WW",0
2022-11-04,"ARA Werdhölzli","2022/23","respv4","IAV_gc_per_day",0
2022-11-04,"ARA Werdhölzli","2022/23","respv4","IBV_gc_per_day",0
2022-11-04,"ARA Werdhölzli","2022/23","respv4","IAV_gc_per_mL_WW",2.416886594
2022-11-04,"ARA Werdhölzli","2022/23","respv4","IBV_gc_per_mL_WW",0
2022-11-04,"ARA Werdhölzli","2022/23","respv4","IAV_gc_per_day",451299474015.179
2022-11-04,"ARA Werdhölzli","2022/23","respv4","IBV_gc_per_day",0
2022-11-03,"ARA Werdhölzli","2022/23","respv4","IAV_gc_per_mL_WW",6.341924216
2022-11-03,"ARA Werdhölzli","2022/23","respv4","IBV_gc_per_mL_WW",0
2022-11-03,"ARA Werdhölzli","2022/23","respv4","IAV_gc_per_day",985626529416.829
2022-11-03,"ARA Werdhölzli","2022/23","respv4","IBV_gc_per_day",0
2022-11-03,"ARA Werdhölzli","2022/23","respv4","IAV_gc_per_mL_WW",2.24990632
2022-11-03,"ARA Werdhölzli","2022/23","respv4","IBV_gc_per_mL_WW",0
2022-11-03,"ARA Werdhölzli","2022/23","respv4","IAV_gc_per_day",349667905538.812
2022-11-03,"ARA Werdhölzli","2022/23","respv4","IBV_gc_per_day",0
2022-11-02,"ARA Werdhölzli","2022/23","respv4","IAV_gc_per_mL_WW",6.73007218
2022-11-02,"ARA Werdhölzli","2022/23","respv4","IBV_gc_per_mL_WW",2.24327033
2022-11-02,"ARA Werdhölzli","2022/23","respv4","IAV_gc_per_day",954148849555.156
2022-11-02,"ARA Werdhölzli","2022/23","respv4","IBV_gc_per_day",318037273206.588
2022-11-02,"ARA Werdhölzli","2022/23","respv4","IAV_gc_per_mL_WW",4.295100924
2022-11-02,"ARA Werdhölzli","2022/23","respv4","IBV_gc_per_mL_WW",2.147510568
2022-11-02,"ARA Werdhölzli","2022/23","respv4","IAV_gc_per_day",608933380764.705
2022-11-02,"ARA Werdhölzli","2022/23","respv4","IBV_gc_per_day",304461034452.789
2022-11-01,"ARA Werdhölzli","2022/23","respv4","IAV_gc_per_mL_WW",4.575593148
2022-11-01,"ARA Werdhölzli","2022/23","respv4","IBV_gc_per_mL_WW",6.863525552
2022-11-01,"ARA Werdhölzli","2022/23","respv4","IAV_gc_per_day",640371874198.344
2022-11-01,"ARA Werdhölzli","2022/23","respv4","IBV_gc_per_day",960576821228.875
2022-11-01,"ARA Werdhölzli","2022/23","respv4","IAV_gc_per_mL_WW",4.370937898
2022-11-01,"ARA Werdhölzli","2022/23","respv4","IBV_gc_per_mL_WW",0
2022-11-01,"ARA Werdhölzli","2022/23","respv4","IAV_gc_per_day",611729584167.747
2022-11-01,"ARA Werdhölzli","2022/23","respv4","IBV_gc_per_day",0
2022-10-31,"ARA Werdhölzli","2022/23","respv4","IAV_gc_per_mL_WW",6.831619155
2022-10-31,"ARA Werdhölzli","2022/23","respv4","IBV_gc_per_mL_WW",2.277116674
2022-10-31,"ARA Werdhölzli","2022/23","respv4","IAV_gc_per_day",961299039391.796
2022-10-31,"ARA Werdhölzli","2022/23","respv4","IBV_gc_per_day",320420389608.098
2022-10-31,"ARA Werdhölzli","2022/23","respv4","IAV_gc_per_mL_WW",2.204766595
2022-10-31,"ARA Werdhölzli","2022/23","respv4","IBV_gc_per_mL_WW",0
2022-10-31,"ARA Werdhölzli","2022/23","respv4","IAV_gc_per_day",310239777974.951
2022-10-31,"ARA Werdhölzli","2022/23","respv4","IBV_gc_per_day",0
2022-10-30,"ARA Werdhölzli","2022/23","respv4","IAV_gc_per_mL_WW",0
2022-10-30,"ARA Werdhölzli","2022/23","respv4","IBV_gc_per_mL_WW",0
2022-10-30,"ARA Werdhölzli","2022/23","respv4","IAV_gc_per_day",0
2022-10-30,"ARA Werdhölzli","2022/23","respv4","IBV_gc_per_day",0
2022-10-30,"ARA Werdhölzli","2022/23","respv4","IAV_gc_per_mL_WW",4.204347255
2022-10-30,"ARA Werdhölzli","2022/23","respv4","IBV_gc_per_mL_WW",0
2022-10-30,"ARA Werdhölzli","2022/23","respv4","IAV_gc_per_day",583931150445.497
2022-10-30,"ARA Werdhölzli","2022/23","respv4","IBV_gc_per_day",0
2022-04-25,"ARA Werdhölzli","2021/22","respv4","IAV_gc_per_mL_WW",10.4321443
2022-04-25,"ARA Werdhölzli","2021/22","respv4","IBV_gc_per_mL_WW",0
2022-04-25,"ARA Werdhölzli","2021/22","respv4","IAV_gc_per_day",3393461056430.99
2022-04-25,"ARA Werdhölzli","2021/22","respv4","IBV_gc_per_day",0
2022-04-25,"ARA Werdhölzli","2021/22","respv4","IAV_gc_per_mL_WW",20.9303939
2022-04-25,"ARA Werdhölzli","2021/22","respv4","IBV_gc_per_mL_WW",0
2022-04-25,"ARA Werdhölzli","2021/22","respv4","IAV_gc_per_day",6808425435163.01
2022-04-25,"ARA Werdhölzli","2021/22","respv4","IBV_gc_per_day",0
2022-04-22,"ARA Werdhölzli","2021/22","respv4","IAV_gc_per_mL_WW",28.287492
2022-04-22,"ARA Werdhölzli","2021/22","respv4","IBV_gc_per_mL_WW",0
2022-04-22,"ARA Werdhölzli","2021/22","respv4","IAV_gc_per_day",4064626433758.86
2022-04-22,"ARA Werdhölzli","2021/22","respv4","IBV_gc_per_day",0
2022-04-22,"ARA Werdhölzli","2021/22","respv4","IAV_gc_per_mL_WW",10.21858475
2022-04-22,"ARA Werdhölzli","2021/22","respv4","IBV_gc_per_mL_WW",0
2022-04-22,"ARA Werdhölzli","2021/22","respv4","IAV_gc_per_day",1468307253624.86
2022-04-22,"ARA Werdhölzli","2021/22","respv4","IBV_gc_per_day",0
2022-04-18,"ARA Werdhölzli","2021/22","respv4","IAV_gc_per_mL_WW",16.41327993
2022-04-18,"ARA Werdhölzli","2021/22","respv4","IBV_gc_per_mL_WW",0
2022-04-18,"ARA Werdhölzli","2021/22","respv4","IAV_gc_per_day",2222783315894.05
2022-04-18,"ARA Werdhölzli","2021/22","respv4","IBV_gc_per_day",0
2022-04-18,"ARA Werdhölzli","2021/22","respv4","IAV_gc_per_mL_WW",35.32393875
2022-04-18,"ARA Werdhölzli","2021/22","respv4","IBV_gc_per_mL_WW",0
2022-04-18,"ARA Werdhölzli","2021/22","respv4","IAV_gc_per_day",4783776432256.54
2022-04-18,"ARA Werdhölzli","2021/22","respv4","IBV_gc_per_day",0
2022-04-15,"ARA Werdhölzli","2021/22","respv4","IAV_gc_per_mL_WW",22.42095688
2022-04-15,"ARA Werdhölzli","2021/22","respv4","IBV_gc_per_mL_WW",0
2022-04-15,"ARA Werdhölzli","2021/22","respv4","IAV_gc_per_day",3181955208566.98
2022-04-15,"ARA Werdhölzli","2021/22","respv4","IBV_gc_per_day",0
2022-04-15,"ARA Werdhölzli","2021/22","respv4","IAV_gc_per_mL_WW",14.86032208
2022-04-15,"ARA Werdhölzli","2021/22","respv4","IBV_gc_per_mL_WW",0
2022-04-15,"ARA Werdhölzli","2021/22","respv4","IAV_gc_per_day",2108959019747.2
2022-04-15,"ARA Werdhölzli","2021/22","respv4","IBV_gc_per_day",0
2022-04-11,"ARA Werdhölzli","2021/22","respv4","IAV_gc_per_mL_WW",39.0270993
2022-04-11,"ARA Werdhölzli","2021/22","respv4","IBV_gc_per_mL_WW",0
2022-04-11,"ARA Werdhölzli","2021/22","respv4","IAV_gc_per_day",6818470961601.63
2022-04-11,"ARA Werdhölzli","2021/22","respv4","IBV_gc_per_day",0
2022-04-11,"ARA Werdhölzli","2021/22","respv4","IAV_gc_per_mL_WW",37.23533065
2022-04-11,"ARA Werdhölzli","2021/22","respv4","IBV_gc_per_mL_WW",0
2022-04-11,"ARA Werdhölzli","2021/22","respv4","IAV_gc_per_day",6505428928525.57
2022-04-11,"ARA Werdhölzli","2021/22","respv4","IBV_gc_per_day",0
2022-04-08,"ARA Werdhölzli","2021/22","respv4","IAV_gc_per_mL_WW",29.18945939
2022-04-08,"ARA Werdhölzli","2021/22","respv4","IBV_gc_per_mL_WW",0
2022-04-08,"ARA Werdhölzli","2021/22","respv4","IAV_gc_per_day",11480358905316.8
2022-04-08,"ARA Werdhölzli","2021/22","respv4","IBV_gc_per_day",0
2022-04-08,"ARA Werdhölzli","2021/22","respv4","IAV_gc_per_mL_WW",16.56022593
2022-04-08,"ARA Werdhölzli","2021/22","respv4","IBV_gc_per_mL_WW",2.069768802
2022-04-08,"ARA Werdhölzli","2021/22","respv4","IAV_gc_per_day",6513218853743.67
2022-04-08,"ARA Werdhölzli","2021/22","respv4","IBV_gc_per_day",814050317976.359
2022-04-05,"ARA Werdhölzli","2021/22","respv4","IAV_gc_per_mL_WW",38.3546399
2022-04-05,"ARA Werdhölzli","2021/22","respv4","IBV_gc_per_mL_WW",0
2022-04-05,"ARA Werdhölzli","2021/22","respv4","IAV_gc_per_day",6290497273519.55
2022-04-05,"ARA Werdhölzli","2021/22","respv4","IBV_gc_per_day",0
2022-04-05,"ARA Werdhölzli","2021/22","respv4","IAV_gc_per_mL_WW",52.34727538
2022-04-05,"ARA Werdhölzli","2021/22","respv4","IBV_gc_per_mL_WW",0
2022-04-05,"ARA Werdhölzli","2021/22","respv4","IAV_gc_per_day",8585412192960.44
2022-04-05,"ARA Werdhölzli","2021/22","respv4","IBV_gc_per_day",0
2022-04-02,"ARA Werdhölzli","2021/22","respv4","IAV_gc_per_mL_WW",12.51337894
2022-04-02,"ARA Werdhölzli","2021/22","respv4","IBV_gc_per_mL_WW",0
2022-04-02,"ARA Werdhölzli","2021/22","respv4","IAV_gc_per_day",3750476864496.15
2022-04-02,"ARA Werdhölzli","2021/22","respv4","IBV_gc_per_day",0
2022-04-02,"ARA Werdhölzli","2021/22","respv4","IAV_gc_per_mL_WW",10.2329663
2022-04-02,"ARA Werdhölzli","2021/22","respv4","IBV_gc_per_mL_WW",0
2022-04-02,"ARA Werdhölzli","2021/22","respv4","IAV_gc_per_day",3066997614899.91
2022-04-02,"ARA Werdhölzli","2021/22","respv4","IBV_gc_per_day",0
2022-03-28,"ARA Werdhölzli","2021/22","respv4","IAV_gc_per_mL_WW",25.12648082
2022-03-28,"ARA Werdhölzli","2021/22","respv4","IBV_gc_per_mL_WW",0
2022-03-28,"ARA Werdhölzli","2021/22","respv4","IAV_gc_per_day",3563570993065.43
2022-03-28,"ARA Werdhölzli","2021/22","respv4","IBV_gc_per_day",0
2022-03-28,"ARA Werdhölzli","2021/22","respv4","IAV_gc_per_mL_WW",15.42924669
2022-03-28,"ARA Werdhölzli","2021/22","respv4","IBV_gc_per_mL_WW",0
2022-03-28,"ARA Werdhölzli","2021/22","respv4","IAV_gc_per_day",2188257732677.38
2022-03-28,"ARA Werdhölzli","2021/22","respv4","IBV_gc_per_day",0
2022-03-25,"ARA Werdhölzli","2021/22","respv4","IAV_gc_per_mL_WW",25.47249935
2022-03-25,"ARA Werdhölzli","2021/22","respv4","IBV_gc_per_mL_WW",0
2022-03-25,"ARA Werdhölzli","2021/22","respv4","IAV_gc_per_day",3526252669080.54
2022-03-25,"ARA Werdhölzli","2021/22","respv4","IBV_gc_per_day",0
2022-03-25,"ARA Werdhölzli","2021/22","respv4","IAV_gc_per_mL_WW",35.38117235
2022-03-25,"ARA Werdhölzli","2021/22","respv4","IBV_gc_per_mL_WW",0
2022-03-25,"ARA Werdhölzli","2021/22","respv4","IAV_gc_per_day",4897947065189.98
2022-03-25,"ARA Werdhölzli","2021/22","respv4","IBV_gc_per_day",0
2022-03-21,"ARA Werdhölzli","2021/22","respv4","IAV_gc_per_mL_WW",42.97975379
2022-03-21,"ARA Werdhölzli","2021/22","respv4","IBV_gc_per_mL_WW",0
2022-03-21,"ARA Werdhölzli","2021/22","respv4","IAV_gc_per_day",5867194413960.89
2022-03-21,"ARA Werdhölzli","2021/22","respv4","IBV_gc_per_day",0
2022-03-21,"ARA Werdhölzli","2021/22","respv4","IAV_gc_per_mL_WW",45.64032468
2022-03-21,"ARA Werdhölzli","2021/22","respv4","IBV_gc_per_mL_WW",0
2022-03-21,"ARA Werdhölzli","2021/22","respv4","IAV_gc_per_day",6230390693307.35
2022-03-21,"ARA Werdhölzli","2021/22","respv4","IBV_gc_per_day",0
2022-03-18,"ARA Werdhölzli","2021/22","respv4","IAV_gc_per_mL_WW",25.58996642
2022-03-18,"ARA Werdhölzli","2021/22","respv4","IBV_gc_per_mL_WW",0
2022-03-18,"ARA Werdhölzli","2021/22","respv4","IAV_gc_per_day",3870074672632.56
2022-03-18,"ARA Werdhölzli","2021/22","respv4","IBV_gc_per_day",0
2022-03-18,"ARA Werdhölzli","2021/22","respv4","IAV_gc_per_mL_WW",22.19539566
2022-03-18,"ARA Werdhölzli","2021/22","respv4","IBV_gc_per_mL_WW",0
2022-03-18,"ARA Werdhölzli","2021/22","respv4","IAV_gc_per_day",3356699933990.17
2022-03-18,"ARA Werdhölzli","2021/22","respv4","IBV_gc_per_day",0
2022-03-14,"ARA Werdhölzli","2021/22","respv4","IAV_gc_per_mL_WW",46.98601037
2022-03-14,"ARA Werdhölzli","2021/22","respv4","IBV_gc_per_mL_WW",0
2022-03-14,"ARA Werdhölzli","2021/22","respv4","IAV_gc_per_day",6681905143640.63
2022-03-14,"ARA Werdhölzli","2021/22","respv4","IBV_gc_per_day",0
2022-03-14,"ARA Werdhölzli","2021/22","respv4","IAV_gc_per_mL_WW",53.19337941
2022-03-14,"ARA Werdhölzli","2021/22","respv4","IBV_gc_per_mL_WW",0
2022-03-14,"ARA Werdhölzli","2021/22","respv4","IAV_gc_per_day",7564658345928.56
2022-03-14,"ARA Werdhölzli","2021/22","respv4","IBV_gc_per_day",0
2022-03-07,"ARA Werdhölzli","2021/22","respv4","IAV_gc_per_mL_WW",34.69943168
2022-03-07,"ARA Werdhölzli","2021/22","respv4","IBV_gc_per_mL_WW",0
2022-03-07,"ARA Werdhölzli","2021/22","respv4","IAV_gc_per_day",5021884071061.85
2022-03-07,"ARA Werdhölzli","2021/22","respv4","IBV_gc_per_day",0
2022-01-21,"ARA Werdhölzli","2021/22","respv4","IAV_gc_per_mL_WW",5.005929527
2022-01-21,"ARA Werdhölzli","2021/22","respv4","IBV_gc_per_mL_WW",0
2022-01-21,"ARA Werdhölzli","2021/22","respv4","IAV_gc_per_day",741232963543.237
2022-01-21,"ARA Werdhölzli","2021/22","respv4","IBV_gc_per_day",0
2022-01-21,"ARA Werdhölzli","2021/22","respv4","IAV_gc_per_mL_WW",4.207866946
2022-01-21,"ARA Werdhölzli","2021/22","respv4","IBV_gc_per_mL_WW",0
2022-01-21,"ARA Werdhölzli","2021/22","respv4","IAV_gc_per_day",623063043488.029
2022-01-21,"ARA Werdhölzli","2021/22","respv4","IBV_gc_per_day",0
2022-01-17,"ARA Werdhölzli","2021/22","respv4","IAV_gc_per_mL_WW",6.211308086
2022-01-17,"ARA Werdhölzli","2021/22","respv4","IBV_gc_per_mL_WW",0
2022-01-17,"ARA Werdhölzli","2021/22","respv4","IAV_gc_per_day",1002410048276.96
2022-01-17,"ARA Werdhölzli","2021/22","respv4","IBV_gc_per_day",0
2022-01-17,"ARA Werdhölzli","2021/22","respv4","IAV_gc_per_mL_WW",8.496137034
2022-01-17,"ARA Werdhölzli","2021/22","respv4","IBV_gc_per_mL_WW",0
2022-01-17,"ARA Werdhölzli","2021/22","respv4","IAV_gc_per_day",1371146466493.21
2022-01-17,"ARA Werdhölzli","2021/22","respv4","IBV_gc_per_day",0
2022-01-14,"ARA Werdhölzli","2021/22","respv4","IAV_gc_per_mL_WW",8.079880948
2022-01-14,"ARA Werdhölzli","2021/22","respv4","IBV_gc_per_mL_WW",0
2022-01-14,"ARA Werdhölzli","2021/22","respv4","IAV_gc_per_day",1342197455886.67
2022-01-14,"ARA Werdhölzli","2021/22","respv4","IBV_gc_per_day",0
2022-01-14,"ARA Werdhölzli","2021/22","respv4","IAV_gc_per_mL_WW",4.147185266
2022-01-14,"ARA Werdhölzli","2021/22","respv4","IBV_gc_per_mL_WW",0
2022-01-14,"ARA Werdhölzli","2021/22","respv4","IAV_gc_per_day",688913803178.463
2022-01-14,"ARA Werdhölzli","2021/22","respv4","IBV_gc_per_day",0
2022-01-10,"ARA Werdhölzli","2021/22","respv4","IAV_gc_per_mL_WW",4.147929262
2022-01-10,"ARA Werdhölzli","2021/22","respv4","IBV_gc_per_mL_WW",0
2022-01-10,"ARA Werdhölzli","2021/22","respv4","IAV_gc_per_day",1326052822183.26
2022-01-10,"ARA Werdhölzli","2021/22","respv4","IBV_gc_per_day",0
2022-01-10,"ARA Werdhölzli","2021/22","respv4","IAV_gc_per_mL_WW",0
2022-01-10,"ARA Werdhölzli","2021/22","respv4","IBV_gc_per_mL_WW",0
2022-01-10,"ARA Werdhölzli","2021/22","respv4","IAV_gc_per_day",0
2022-01-10,"ARA Werdhölzli","2021/22","respv4","IBV_gc_per_day",0
2022-01-08,"ARA Werdhölzli","2021/22","respv4","IAV_gc_per_mL_WW",2.05125954
2022-01-08,"ARA Werdhölzli","2021/22","respv4","IBV_gc_per_mL_WW",0
2022-01-08,"ARA Werdhölzli","2021/22","respv4","IAV_gc_per_day",389257351837.933
2022-01-08,"ARA Werdhölzli","2021/22","respv4","IBV_gc_per_day",0
2022-01-08,"ARA Werdhölzli","2021/22","respv4","IAV_gc_per_mL_WW",2.07192029
2022-01-08,"ARA Werdhölzli","2021/22","respv4","IBV_gc_per_mL_WW",0
2022-01-08,"ARA Werdhölzli","2021/22","respv4","IAV_gc_per_day",393178039920.138
2022-01-08,"ARA Werdhölzli","2021/22","respv4","IBV_gc_per_day",0
2022-01-03,"ARA Werdhölzli","2021/22","respv4","IAV_gc_per_mL_WW",10.37969228
2022-01-03,"ARA Werdhölzli","2021/22","respv4","IBV_gc_per_mL_WW",0
2022-01-03,"ARA Werdhölzli","2021/22","respv4","IAV_gc_per_day",1650085156111.38
2022-01-03,"ARA Werdhölzli","2021/22","respv4","IBV_gc_per_day",0
2022-01-03,"ARA Werdhölzli","2021/22","respv4","IAV_gc_per_mL_WW",8.309573162
2022-01-03,"ARA Werdhölzli","2021/22","respv4","IBV_gc_per_mL_WW",0
2022-01-03,"ARA Werdhölzli","2021/22","respv4","IAV_gc_per_day",1320993239333.07
2022-01-03,"ARA Werdhölzli","2021/22","respv4","IBV_gc_per_day",0
2022-01-01,"ARA Werdhölzli","2021/22","respv4","IAV_gc_per_mL_WW",2.083570991
2022-01-01,"ARA Werdhölzli","2021/22","respv4","IBV_gc_per_mL_WW",2.083570991
2022-01-01,"ARA Werdhölzli","2021/22","respv4","IAV_gc_per_day",336174822705.601
2022-01-01,"ARA Werdhölzli","2021/22","respv4","IBV_gc_per_day",336174822705.601
2022-01-01,"ARA Werdhölzli","2021/22","respv4","IAV_gc_per_mL_WW",8.273594548
2022-01-01,"ARA Werdhölzli","2021/22","respv4","IBV_gc_per_mL_WW",0
2022-01-01,"ARA Werdhölzli","2021/22","respv4","IAV_gc_per_day",1334907326088.76
2022-01-01,"ARA Werdhölzli","2021/22","respv4","IBV_gc_per_day",0
2021-12-27,"ARA Werdhölzli","2021/22","respv4","IAV_gc_per_mL_WW",4.035709574
2021-12-27,"ARA Werdhölzli","2021/22","respv4","IBV_gc_per_mL_WW",0
2021-12-27,"ARA Werdhölzli","2021/22","respv4","IAV_gc_per_day",1138266351716.26
2021-12-27,"ARA Werdhölzli","2021/22","respv4","IBV_gc_per_day",0
2021-12-27,"ARA Werdhölzli","2021/22","respv4","IAV_gc_per_mL_WW",4.067802128
2021-12-27,"ARA Werdhölzli","2021/22","respv4","IBV_gc_per_mL_WW",0
2021-12-27,"ARA Werdhölzli","2021/22","respv4","IAV_gc_per_day",1147318012567.72
2021-12-27,"ARA Werdhölzli","2021/22","respv4","IBV_gc_per_day",0
2021-12-24,"ARA Werdhölzli","2021/22","respv4","IAV_gc_per_mL_WW",10.35885887
2021-12-24,"ARA Werdhölzli","2021/22","respv4","IBV_gc_per_mL_WW",0
2021-12-24,"ARA Werdhölzli","2021/22","respv4","IAV_gc_per_day",1446746491168.26
2021-12-24,"ARA Werdhölzli","2021/22","respv4","IBV_gc_per_day",0
2021-12-24,"ARA Werdhölzli","2021/22","respv4","IAV_gc_per_mL_WW",8.16779261
2021-12-24,"ARA Werdhölzli","2021/22","respv4","IBV_gc_per_mL_WW",0
2021-12-24,"ARA Werdhölzli","2021/22","respv4","IAV_gc_per_day",1140736199556.66
2021-12-24,"ARA Werdhölzli","2021/22","respv4","IBV_gc_per_day",0
2021-12-20,"ARA Werdhölzli","2021/22","respv4","IAV_gc_per_mL_WW",5.98720475
2021-12-20,"ARA Werdhölzli","2021/22","respv4","IBV_gc_per_mL_WW",0
2021-12-20,"ARA Werdhölzli","2021/22","respv4","IAV_gc_per_day",846971327222.28
2021-12-20,"ARA Werdhölzli","2021/22","respv4","IBV_gc_per_day",0
2021-12-20,"ARA Werdhölzli","2021/22","respv4","IAV_gc_per_mL_WW",14.30652451
2021-12-20,"ARA Werdhölzli","2021/22","respv4","IBV_gc_per_mL_WW",0
2021-12-20,"ARA Werdhölzli","2021/22","respv4","IAV_gc_per_day",2023851957321.62
2021-12-20,"ARA Werdhölzli","2021/22","respv4","IBV_gc_per_day",0
2021-12-17,"ARA Werdhölzli","2021/22","respv4","IAV_gc_per_mL_WW",12.41572315
2021-12-17,"ARA Werdhölzli","2021/22","respv4","IBV_gc_per_mL_WW",0
2021-12-17,"ARA Werdhölzli","2021/22","respv4","IAV_gc_per_day",1938686995078.89
2021-12-17,"ARA Werdhölzli","2021/22","respv4","IBV_gc_per_day",0
2021-12-17,"ARA Werdhölzli","2021/22","respv4","IAV_gc_per_mL_WW",15.02643319
2021-12-17,"ARA Werdhölzli","2021/22","respv4","IBV_gc_per_mL_WW",0
2021-12-17,"ARA Werdhölzli","2021/22","respv4","IAV_gc_per_day",2346343443384.1
2021-12-17,"ARA Werdhölzli","2021/22","respv4","IBV_gc_per_day",0
2021-12-13,"ARA Werdhölzli","2021/22","respv4","IAV_gc_per_mL_WW",16.81127527
2021-12-13,"ARA Werdhölzli","2021/22","respv4","IBV_gc_per_mL_WW",0
2021-12-13,"ARA Werdhölzli","2021/22","respv4","IAV_gc_per_day",2982674405280.31
2021-12-13,"ARA Werdhölzli","2021/22","respv4","IBV_gc_per_day",0
2021-12-13,"ARA Werdhölzli","2021/22","respv4","IAV_gc_per_mL_WW",20.92584761
2021-12-13,"ARA Werdhölzli","2021/22","respv4","IBV_gc_per_mL_WW",0
2021-12-13,"ARA Werdhölzli","2021/22","respv4","IAV_gc_per_day",3712686222354.82
2021-12-13,"ARA Werdhölzli","2021/22","respv4","IBV_gc_per_day",0
2021-12-10,"ARA Werdhölzli","2021/22","respv4","IAV_gc_per_mL_WW",18.90409413
2021-12-10,"ARA Werdhölzli","2021/22","respv4","IBV_gc_per_mL_WW",0
2021-12-10,"ARA Werdhölzli","2021/22","respv4","IAV_gc_per_day",5630312542815.44
2021-12-10,"ARA Werdhölzli","2021/22","respv4","IBV_gc_per_day",0
2021-12-06,"ARA Werdhölzli","2021/22","respv4","IAV_gc_per_mL_WW",16.8683063
2021-12-06,"ARA Werdhölzli","2021/22","respv4","IAV_gc_per_day",3013662152619.75
2021-12-06,"ARA Werdhölzli","2021/22","respv4","IAV_gc_per_mL_WW",8.436615093
2021-12-06,"ARA Werdhölzli","2021/22","respv4","IAV_gc_per_day",1507270922747.87
2021-12-03,"ARA Werdhölzli","2021/22","respv4","IAV_gc_per_mL_WW",10.29649056
2021-12-03,"ARA Werdhölzli","2021/22","respv4","IAV_gc_per_day",1539352890584.26
2021-12-03,"ARA Werdhölzli","2021/22","respv4","IAV_gc_per_mL_WW",12.3051556
2021-12-03,"ARA Werdhölzli","2021/22","respv4","IAV_gc_per_day",1839653688950.61
2022-10-07,"ARA Werdhölzli","2022/23","respv4","IAV_gc_per_mL_WW",6.022135569
2022-10-07,"ARA Werdhölzli","2022/23","respv4","IBV_gc_per_mL_WW",0
2022-10-07,"ARA Werdhölzli","2022/23","respv4","IAV_gc_per_day",957047249214.478
2022-10-07,"ARA Werdhölzli","2022/23","respv4","IBV_gc_per_day",0
2022-10-07,"ARA Werdhölzli","2022/23","respv4","IAV_gc_per_mL_WW",6.26493993
2022-10-07,"ARA Werdhölzli","2022/23","respv4","IBV_gc_per_mL_WW",0
2022-10-07,"ARA Werdhölzli","2022/23","respv4","IAV_gc_per_day",995634099864.025
2022-10-07,"ARA Werdhölzli","2022/23","respv4","IBV_gc_per_day",0
2022-10-03,"ARA Werdhölzli","2022/23","respv4","IAV_gc_per_mL_WW",0
2022-10-03,"ARA Werdhölzli","2022/23","respv4","IBV_gc_per_mL_WW",0
2022-10-03,"ARA Werdhölzli","2022/23","respv4","IAV_gc_per_day",0
2022-10-03,"ARA Werdhölzli","2022/23","respv4","IBV_gc_per_day",0
2022-10-03,"ARA Werdhölzli","2022/23","respv4","IAV_gc_per_mL_WW",2.05125954
2022-10-03,"ARA Werdhölzli","2022/23","respv4","IBV_gc_per_mL_WW",0
2022-10-03,"ARA Werdhölzli","2022/23","respv4","IAV_gc_per_day",775603677810.578
2022-10-03,"ARA Werdhölzli","2022/23","respv4","IBV_gc_per_day",0
2022-09-30,"ARA Werdhölzli","2022/23","respv4","IAV_gc_per_mL_WW",0
2022-09-30,"ARA Werdhölzli","2022/23","respv4","IBV_gc_per_mL_WW",0
2022-09-30,"ARA Werdhölzli","2022/23","respv4","IAV_gc_per_day",0
2022-09-30,"ARA Werdhölzli","2022/23","respv4","IBV_gc_per_day",0
2022-09-30,"ARA Werdhölzli","2022/23","respv4","IAV_gc_per_mL_WW",2.057465633
2022-09-30,"ARA Werdhölzli","2022/23","respv4","IBV_gc_per_mL_WW",0
2022-09-30,"ARA Werdhölzli","2022/23","respv4","IAV_gc_per_day",455205429788.476
2022-09-30,"ARA Werdhölzli","2022/23","respv4","IBV_gc_per_day",0
2022-09-26,"ARA Werdhölzli","2022/23","respv4","IAV_gc_per_mL_WW",2.094518279
2022-09-26,"ARA Werdhölzli","2022/23","respv4","IBV_gc_per_mL_WW",0
2022-09-26,"ARA Werdhölzli","2022/23","respv4","IAV_gc_per_day",396237801563.394
2022-09-26,"ARA Werdhölzli","2022/23","respv4","IBV_gc_per_day",0
2022-09-26,"ARA Werdhölzli","2022/23","respv4","IAV_gc_per_mL_WW",4.25150546
2022-09-26,"ARA Werdhölzli","2022/23","respv4","IBV_gc_per_mL_WW",0
2022-09-26,"ARA Werdhölzli","2022/23","respv4","IAV_gc_per_day",804293375567.702
2022-09-26,"ARA Werdhölzli","2022/23","respv4","IBV_gc_per_day",0
2022-09-23,"ARA Werdhölzli","2022/23","respv4","IAV_gc_per_mL_WW",0
2022-09-23,"ARA Werdhölzli","2022/23","respv4","IBV_gc_per_mL_WW",0
2022-09-23,"ARA Werdhölzli","2022/23","respv4","IAV_gc_per_day",0
2022-09-23,"ARA Werdhölzli","2022/23","respv4","IBV_gc_per_day",0
2022-09-23,"ARA Werdhölzli","2022/23","respv4","IAV_gc_per_mL_WW",2.104201533
2022-09-23,"ARA Werdhölzli","2022/23","respv4","IBV_gc_per_mL_WW",0
2022-09-23,"ARA Werdhölzli","2022/23","respv4","IAV_gc_per_day",270902014999.49
2022-09-23,"ARA Werdhölzli","2022/23","respv4","IBV_gc_per_day",0
2022-09-19,"ARA Werdhölzli","2022/23","respv4","IAV_gc_per_mL_WW",2.072886203
2022-09-19,"ARA Werdhölzli","2022/23","respv4","IBV_gc_per_mL_WW",0
2022-09-19,"ARA Werdhölzli","2022/23","respv4","IAV_gc_per_day",286468219936.007
2022-09-19,"ARA Werdhölzli","2022/23","respv4","IBV_gc_per_day",0
2022-09-19,"ARA Werdhölzli","2022/23","respv4","IAV_gc_per_mL_WW",0
2022-09-19,"ARA Werdhölzli","2022/23","respv4","IBV_gc_per_mL_WW",0
2022-09-19,"ARA Werdhölzli","2022/23","respv4","IAV_gc_per_day",0
2022-09-19,"ARA Werdhölzli","2022/23","respv4","IBV_gc_per_day",0
2022-09-16,"ARA Werdhölzli","2022/23","respv4","IAV_gc_per_mL_WW",6.542184174
2022-09-16,"ARA Werdhölzli","2022/23","respv4","IBV_gc_per_mL_WW",0
2022-09-16,"ARA Werdhölzli","2022/23","respv4","IAV_gc_per_day",1413962765022.38
2022-09-16,"ARA Werdhölzli","2022/23","respv4","IBV_gc_per_day",0
2022-09-16,"ARA Werdhölzli","2022/23","respv4","IAV_gc_per_mL_WW",0
2022-09-16,"ARA Werdhölzli","2022/23","respv4","IBV_gc_per_mL_WW",0
2022-09-16,"ARA Werdhölzli","2022/23","respv4","IAV_gc_per_day",0
2022-09-16,"ARA Werdhölzli","2022/23","respv4","IBV_gc_per_day",0
2022-09-12,"ARA Werdhölzli","2022/23","respv4","IAV_gc_per_mL_WW",0
2022-09-12,"ARA Werdhölzli","2022/23","respv4","IBV_gc_per_mL_WW",2.511065324
2022-09-12,"ARA Werdhölzli","2022/23","respv4","IAV_gc_per_day",0
2022-09-12,"ARA Werdhölzli","2022/23","respv4","IBV_gc_per_day",316050581741.256
2022-10-10,"ARA Werdhölzli","2022/23","respv4","IAV_gc_per_mL_WW",2.160756153
2022-10-10,"ARA Werdhölzli","2022/23","respv4","IBV_gc_per_mL_WW",0
2022-10-10,"ARA Werdhölzli","2022/23","respv4","IAV_gc_per_day",316125507336.297
2022-10-10,"ARA Werdhölzli","2022/23","respv4","IBV_gc_per_day",0
2022-10-10,"ARA Werdhölzli","2022/23","respv4","IAV_gc_per_mL_WW",2.286213072
2022-10-10,"ARA Werdhölzli","2022/23","respv4","IBV_gc_per_mL_WW",2.286213072
2022-10-10,"ARA Werdhölzli","2022/23","respv4","IAV_gc_per_day",334480254174.648
2022-10-10,"ARA Werdhölzli","2022/23","respv4","IBV_gc_per_day",334480254174.648
2022-04-25,"ARA Werdhölzli","2021/22","iabv","IAV_gc_per_mL_WW",9.244117756
2022-04-25,"ARA Werdhölzli","2021/22","iabv","IAV_gc_per_day",3007009173181.04
2022-04-25,"ARA Werdhölzli","2021/22","iabv","IAV_gc_per_mL_WW",17.94511814
2022-04-25,"ARA Werdhölzli","2021/22","iabv","IAV_gc_per_day",5837348277586.93
2022-04-22,"ARA Werdhölzli","2021/22","iabv","IAV_gc_per_mL_WW",22.27923258
2022-04-22,"ARA Werdhölzli","2021/22","iabv","IAV_gc_per_day",3201300336860.17
2022-04-22,"ARA Werdhölzli","2021/22","iabv","IAV_gc_per_mL_WW",24.47743768
2022-04-22,"ARA Werdhölzli","2021/22","iabv","IAV_gc_per_day",3517160171881.38
2022-04-18,"ARA Werdhölzli","2021/22","iabv","IAV_gc_per_mL_WW",21.84395318
2022-04-18,"ARA Werdhölzli","2021/22","iabv","IAV_gc_per_day",2958237164585.71
2022-04-18,"ARA Werdhölzli","2021/22","iabv","IAV_gc_per_mL_WW",19.94178128
2022-04-18,"ARA Werdhölzli","2021/22","iabv","IAV_gc_per_day",2700633810392.35
2022-04-15,"ARA Werdhölzli","2021/22","iabv","IAV_gc_per_mL_WW",11.2416555
2022-04-15,"ARA Werdhölzli","2021/22","iabv","IAV_gc_per_day",1595402215105.67
2022-04-15,"ARA Werdhölzli","2021/22","iabv","IAV_gc_per_mL_WW",19.73750238
2022-04-15,"ARA Werdhölzli","2021/22","iabv","IAV_gc_per_day",2801122576448.41
2022-04-11,"ARA Werdhölzli","2021/22","iabv","IAV_gc_per_mL_WW",33.28478654
2022-04-11,"ARA Werdhölzli","2021/22","iabv","IAV_gc_per_day",5815224665854.14
2022-04-11,"ARA Werdhölzli","2021/22","iabv","IAV_gc_per_mL_WW",20.35213971
2022-04-11,"ARA Werdhölzli","2021/22","iabv","IAV_gc_per_day",3555746548119.56
2022-04-08,"ARA Werdhölzli","2021/22","iabv","IAV_gc_per_mL_WW",6.6223828
2022-04-08,"ARA Werdhölzli","2021/22","iabv","IAV_gc_per_day",2604615944975.08
2022-04-08,"ARA Werdhölzli","2021/22","iabv","IAV_gc_per_mL_WW",14.83689125
2022-04-08,"ARA Werdhölzli","2021/22","iabv","IAV_gc_per_day",5835422791266.5
2022-04-04,"ARA Werdhölzli","2021/22","iabv","IAV_gc_per_mL_WW",38.10240837
2022-04-04,"ARA Werdhölzli","2021/22","iabv","IAV_gc_per_day",7098265399195.02
2022-04-04,"ARA Werdhölzli","2021/22","iabv","IAV_gc_per_mL_WW",39.59872032
2022-04-04,"ARA Werdhölzli","2021/22","iabv","IAV_gc_per_day",7377019939799.06
