"","sample_date","measuring_period","wwtp","IAV_gc_per_mL_WW","IBV_gc_per_mL_WW","influenza_type","observation_units","observation","date_2","is_observation"
"1",2021-08-16,"2021/22","ARA Basel",0,0,"IAV","gc_per_day_norm",0,2021-08-16,TRUE
"2",2021-08-17,NA,NA,NA,NA,NA,NA,0,NA,NA
"3",2021-08-18,NA,NA,NA,NA,NA,NA,0,NA,NA
"4",2021-08-19,NA,NA,NA,NA,NA,NA,0,NA,NA
"5",2021-08-20,NA,NA,NA,NA,NA,NA,0,NA,NA
"6",2021-08-21,NA,NA,NA,NA,NA,NA,0,NA,NA
"7",2021-08-22,NA,NA,NA,NA,NA,NA,0,NA,NA
"8",2021-08-23,NA,NA,NA,NA,NA,NA,0,NA,NA
"9",2021-08-24,NA,NA,NA,NA,NA,NA,0,NA,NA
"10",2021-08-25,NA,NA,NA,NA,NA,NA,0,NA,NA
"11",2021-08-26,"2021/22","ARA Basel",0,0,"IAV","gc_per_day_norm",0,2021-08-26,TRUE
"12",2021-08-27,NA,NA,NA,NA,NA,NA,3.95038660825215e-06,NA,NA
"13",2021-08-28,NA,NA,NA,NA,NA,NA,8.23273847770196e-06,NA,NA
"14",2021-08-29,NA,NA,NA,NA,NA,NA,1.21167320337146e-05,NA,NA
"15",2021-08-30,NA,NA,NA,NA,NA,NA,1.48720437016551e-05,NA,NA
"16",2021-08-31,NA,NA,NA,NA,NA,NA,1.57683499068888e-05,NA,NA
"17",2021-09-01,NA,NA,NA,NA,NA,NA,1.40753270747808e-05,NA,NA
"18",2021-09-02,NA,NA,NA,NA,NA,NA,9.0626516306961e-06,NA,NA
"19",2021-09-03,"2021/22","ARA Basel",0,0,"IAV","gc_per_day_norm",0,2021-09-03,TRUE
"20",2021-09-04,NA,NA,NA,NA,NA,NA,0,NA,NA
"21",2021-09-05,NA,NA,NA,NA,NA,NA,0,NA,NA
"22",2021-09-06,NA,NA,NA,NA,NA,NA,0,NA,NA
"23",2021-09-07,NA,NA,NA,NA,NA,NA,0,NA,NA
"24",2021-09-08,NA,NA,NA,NA,NA,NA,0,NA,NA
"25",2021-09-09,NA,NA,NA,NA,NA,NA,0,NA,NA
"26",2021-09-10,NA,NA,NA,NA,NA,NA,0,NA,NA
"27",2021-09-11,NA,NA,NA,NA,NA,NA,0,NA,NA
"28",2021-09-12,NA,NA,NA,NA,NA,NA,0,NA,NA
"29",2021-09-13,NA,NA,NA,NA,NA,NA,0,NA,NA
"30",2021-09-14,"2021/22","ARA Basel",0,0,"IAV","gc_per_day_norm",0,2021-09-14,TRUE
"31",2021-09-15,NA,NA,NA,NA,NA,NA,5.55478075135246e-05,NA,NA
"32",2021-09-16,NA,NA,NA,NA,NA,NA,0.000119177218774926,NA,NA
"33",2021-09-17,NA,NA,NA,NA,NA,NA,0.00018322864841929,NA,NA
"34",2021-09-18,NA,NA,NA,NA,NA,NA,0.000240042511081702,NA,NA
"35",2021-09-19,NA,NA,NA,NA,NA,NA,0.000281959221397248,NA,NA
"36",2021-09-20,NA,NA,NA,NA,NA,NA,0.000301319194001015,NA,NA
"37",2021-09-21,NA,NA,NA,NA,NA,NA,0.000290462843528088,NA,NA
"38",2021-09-22,NA,NA,NA,NA,NA,NA,0.000241730584613552,NA,NA
"39",2021-09-23,NA,NA,NA,NA,NA,NA,0.000147462831892494,NA,NA
"40",2021-09-24,"2021/22","ARA Basel",0,0,"IAV","gc_per_day_norm",0,2021-09-24,TRUE
"41",2021-09-25,NA,NA,NA,NA,NA,NA,0,NA,NA
"42",2021-09-26,NA,NA,NA,NA,NA,NA,0,NA,NA
"43",2021-09-27,NA,NA,NA,NA,NA,NA,0,NA,NA
"44",2021-09-28,NA,NA,NA,NA,NA,NA,0,NA,NA
"45",2021-09-29,NA,NA,NA,NA,NA,NA,0,NA,NA
"46",2021-09-30,NA,NA,NA,NA,NA,NA,0,NA,NA
"47",2021-10-01,NA,NA,NA,NA,NA,NA,0,NA,NA
"48",2021-10-02,NA,NA,NA,NA,NA,NA,0,NA,NA
"49",2021-10-03,NA,NA,NA,NA,NA,NA,0,NA,NA
"50",2021-10-04,"2021/22","ARA Basel",0,0,"IAV","gc_per_day_norm",0,2021-10-04,TRUE
"51",2021-10-05,NA,NA,NA,NA,NA,NA,0.000753380312387314,NA,NA
"52",2021-10-06,NA,NA,NA,NA,NA,NA,0.00162668482574457,NA,NA
"53",2021-10-07,NA,NA,NA,NA,NA,NA,0.00251216027200909,NA,NA
"54",2021-10-08,NA,NA,NA,NA,NA,NA,0.00330205338311822,NA,NA
"55",2021-10-09,NA,NA,NA,NA,NA,NA,0.00388861089100927,NA,NA
"56",2021-10-10,NA,NA,NA,NA,NA,NA,0.00416407952761958,NA,NA
"57",2021-10-11,NA,NA,NA,NA,NA,NA,0.00402070602488648,NA,NA
"58",2021-10-12,NA,NA,NA,NA,NA,NA,0.0033507371147473,NA,NA
"59",2021-10-13,NA,NA,NA,NA,NA,NA,0.00204641952913936,NA,NA
"60",2021-10-14,"2021/22","ARA Basel",0,0,"IAV","gc_per_day_norm",0,2021-10-14,TRUE
"61",2021-10-15,NA,NA,NA,NA,NA,NA,0,NA,NA
"62",2021-10-16,NA,NA,NA,NA,NA,NA,0,NA,NA
"63",2021-10-17,NA,NA,NA,NA,NA,NA,0,NA,NA
"64",2021-10-18,NA,NA,NA,NA,NA,NA,0,NA,NA
"65",2021-10-19,NA,NA,NA,NA,NA,NA,0,NA,NA
"66",2021-10-20,NA,NA,NA,NA,NA,NA,0,NA,NA
"67",2021-10-21,NA,NA,NA,NA,NA,NA,0,NA,NA
"68",2021-10-22,NA,NA,NA,NA,NA,NA,0,NA,NA
"69",2021-10-23,NA,NA,NA,NA,NA,NA,0,NA,NA
"70",2021-10-24,"2021/22","ARA Basel",0,0,"IAV","gc_per_day_norm",0,2021-10-24,TRUE
"71",2021-10-25,NA,NA,NA,NA,NA,NA,0.010058507819887,NA,NA
"72",2021-10-26,NA,NA,NA,NA,NA,NA,0.0191882603734742,NA,NA
"73",2021-10-27,NA,NA,NA,NA,NA,NA,0.0232887590171178,NA,NA
"74",2021-10-28,NA,NA,NA,NA,NA,NA,0.0182595051071743,NA,NA
"75",2021-10-29,"2021/22","ARA Basel",0,0,"IAV","gc_per_day_norm",0,2021-10-29,TRUE
"76",2021-10-30,NA,NA,NA,NA,NA,NA,0,NA,NA
"77",2021-10-31,NA,NA,NA,NA,NA,NA,0,NA,NA
"78",2021-11-01,NA,NA,NA,NA,NA,NA,0,NA,NA
"79",2021-11-02,"2021/22","ARA Basel",0,0,"IAV","gc_per_day_norm",0,2021-11-02,TRUE
"80",2021-11-03,NA,NA,NA,NA,NA,NA,0.0838642439073817,NA,NA
"81",2021-11-04,"2021/22","ARA Basel",0,0,"IAV","gc_per_day_norm",0,2021-11-04,TRUE
"82",2021-11-05,NA,NA,NA,NA,NA,NA,0,NA,NA
"83",2021-11-06,NA,NA,NA,NA,NA,NA,0,NA,NA
"84",2021-11-07,"2021/22","ARA Basel",0,0,"IAV","gc_per_day_norm",0,2021-11-07,TRUE
"85",2021-11-08,"2021/22","ARA Basel",0.05,0,"IAV","gc_per_day_norm",1.1602787456446,2021-11-08,TRUE
"86",2021-11-09,NA,NA,NA,NA,NA,NA,0.882612753785919,NA,NA
"87",2021-11-10,"2021/22","ARA Basel",0,0,"IAV","gc_per_day_norm",0,2021-11-10,TRUE
"88",2021-11-11,NA,NA,NA,NA,NA,NA,0,NA,NA
"89",2021-11-12,"2021/22","ARA Basel",0,0,"IAV","gc_per_day_norm",0,2021-11-12,TRUE
"90",2021-11-13,NA,NA,NA,NA,NA,NA,0,NA,NA
"91",2021-11-14,NA,NA,NA,NA,NA,NA,0,NA,NA
"92",2021-11-15,"2021/22","ARA Basel",0,0,"IAV","gc_per_day_norm",0,2021-11-15,TRUE
"93",2021-11-16,NA,NA,NA,NA,NA,NA,0.661001766011368,NA,NA
"94",2021-11-17,"2021/22","ARA Basel",0.05,0,"IAV","gc_per_day_norm",1.25783972125436,2021-11-17,TRUE
"95",2021-11-18,NA,NA,NA,NA,NA,NA,1.28626752089251,NA,NA
"96",2021-11-19,"2021/22","ARA Basel",0.05,0,"IAV","gc_per_day_norm",1.13240418118467,2021-11-19,TRUE
"97",2021-11-20,NA,NA,NA,NA,NA,NA,1.24131093673723,NA,NA
"98",2021-11-21,NA,NA,NA,NA,NA,NA,1.40345253445165,NA,NA
"99",2021-11-22,"2021/22","ARA Basel",0.05,0,"IAV","gc_per_day_norm",1.24564459930314,2021-11-22,TRUE
"100",2021-11-23,NA,NA,NA,NA,NA,NA,0.585022427477123,NA,NA
"101",2021-11-24,"2021/22","ARA Basel",0,0,"IAV","gc_per_day_norm",0,2021-11-24,TRUE
"102",2021-11-25,NA,NA,NA,NA,NA,NA,0,NA,NA
"103",2021-11-26,"2021/22","ARA Basel",0,0,"IAV","gc_per_day_norm",0,2021-11-26,TRUE
"104",2021-11-27,NA,NA,NA,NA,NA,NA,0,NA,NA
"105",2021-11-28,NA,NA,NA,NA,NA,NA,0,NA,NA
"106",2021-11-29,"2021/22","ARA Basel",0,0,"IAV","gc_per_day_norm",0,2021-11-29,TRUE
"107",2021-11-30,NA,NA,NA,NA,NA,NA,1.85032054162935,NA,NA
"108",2021-12-01,"2021/22","ARA Basel",0,0,"IAV","gc_per_day_norm",0,2021-12-01,TRUE
"109",2021-12-02,NA,NA,NA,NA,NA,NA,0,NA,NA
"110",2021-12-03,"2021/22","ARA Basel",0,0,"IAV","gc_per_day_norm",0,2021-12-03,TRUE
"111",2021-12-04,NA,NA,NA,NA,NA,NA,24.6659666258063,NA,NA
"112",2021-12-05,"2021/22","ARA Basel",0,0,"IAV","gc_per_day_norm",0,2021-12-05,TRUE
"113",2021-12-06,NA,NA,NA,NA,NA,NA,0,NA,NA
"114",2021-12-07,"2021/22","ARA Basel",0,0,"IAV","gc_per_day_norm",0,2021-12-07,TRUE
"115",2021-12-08,NA,NA,NA,NA,NA,NA,416.543769710948,NA,NA
"116",2021-12-09,"2021/22","ARA Basel",19,0,"IAV","gc_per_day_norm",584.564459930314,2021-12-09,TRUE
"117",2021-12-10,NA,NA,NA,NA,NA,NA,45.8662706478098,NA,NA
"118",2021-12-11,NA,NA,NA,NA,NA,NA,0,NA,NA
"119",2021-12-12,"2021/22","ARA Basel",0,0,"IAV","gc_per_day_norm",0,2021-12-12,TRUE
"120",2021-12-13,NA,NA,NA,NA,NA,NA,1790.9146954612,NA,NA
"121",2021-12-14,"2021/22","ARA Basel",114,0,"IAV","gc_per_day_norm",2307.80487804878,2021-12-14,TRUE
"122",2021-12-15,"2021/22","ARA Basel",0,0,"IAV","gc_per_day_norm",0,2021-12-15,TRUE
"123",2021-12-16,NA,NA,NA,NA,NA,NA,0,NA,NA
"124",2021-12-17,NA,NA,NA,NA,NA,NA,0,NA,NA
"125",2021-12-18,"2021/22","ARA Basel",0,0,"IAV","gc_per_day_norm",0,2021-12-18,TRUE
"126",2021-12-19,NA,NA,NA,NA,NA,NA,153.193686318077,NA,NA
"127",2021-12-20,"2021/22","ARA Basel",0.05,0,"IAV","gc_per_day_norm",1.08885017421603,2021-12-20,TRUE
"128",2021-12-21,NA,NA,NA,NA,NA,NA,0,NA,NA
"129",2021-12-22,"2021/22","ARA Basel",0,0,"IAV","gc_per_day_norm",0,2021-12-22,TRUE
"130",2021-12-23,NA,NA,NA,NA,NA,NA,26.4781082431781,NA,NA
"131",2021-12-24,NA,NA,NA,NA,NA,NA,26.1677253061667,NA,NA
"132",2021-12-25,NA,NA,NA,NA,NA,NA,12.7734797160719,NA,NA
"133",2021-12-26,"2021/22","ARA Basel",0,0,"IAV","gc_per_day_norm",0,2021-12-26,TRUE
"134",2021-12-27,NA,NA,NA,NA,NA,NA,0,NA,NA
"135",2021-12-28,"2021/22","ARA Basel",0,0,"IAV","gc_per_day_norm",0,2021-12-28,TRUE
"136",2021-12-29,"2021/22","ARA Basel",0,0,"IAV","gc_per_day_norm",0,2021-12-29,TRUE
"137",2021-12-30,NA,NA,NA,NA,NA,NA,0.0282047300331188,NA,NA
"138",2021-12-31,NA,NA,NA,NA,NA,NA,0.607872229086056,NA,NA
"139",2022-01-01,NA,NA,NA,NA,NA,NA,1.14449211533813,NA,NA
"140",2022-01-02,"2021/22","ARA Basel",0.05,0,"IAV","gc_per_day_norm",1.04355400696864,2022-01-02,TRUE
"141",2022-01-03,"2021/22","ARA Basel",0,0,"IAV","gc_per_day_norm",0,2022-01-03,TRUE
"142",2022-01-04,"2021/22","ARA Basel",0,0,"IAV","gc_per_day_norm",0,2022-01-04,TRUE
"143",2022-01-05,"2021/22","ARA Basel",0.05,0,"IAV","gc_per_day_norm",1.95121951219512,2022-01-05,TRUE
"144",2022-01-06,"2021/22","ARA Basel",0,0,"IAV","gc_per_day_norm",0,2022-01-06,TRUE
"145",2022-01-07,NA,NA,NA,NA,NA,NA,19.6794898659819,NA,NA
"146",2022-01-08,"2021/22","ARA Basel",0,0,"IAV","gc_per_day_norm",0,2022-01-08,TRUE
"147",2022-01-09,"2021/22","ARA Basel",0,0,"IAV","gc_per_day_norm",0,2022-01-09,TRUE
"148",2022-01-10,"2021/22","ARA Basel",12.5,0,"IAV","gc_per_day_norm",325.348432055749,2022-01-10,TRUE
"149",2022-01-11,NA,NA,NA,NA,NA,NA,352.577048166443,NA,NA
"150",2022-01-12,"2021/22","ARA Basel",8.6,0,"IAV","gc_per_day_norm",195.073170731707,2022-01-12,TRUE
"151",2022-01-13,NA,NA,NA,NA,NA,NA,155.767466514094,NA,NA
"152",2022-01-14,"2021/22","ARA Basel",10.2,0,"IAV","gc_per_day_norm",223.191637630662,2022-01-14,TRUE
"153",2022-01-15,NA,NA,NA,NA,NA,NA,310.07651783293,NA,NA
"154",2022-01-16,"2021/22","ARA Basel",16.5,0,"IAV","gc_per_day_norm",340.348432055749,2022-01-16,TRUE
"155",2022-01-17,NA,NA,NA,NA,NA,NA,269.649894209935,NA,NA
"156",2022-01-18,"2021/22","ARA Basel",7.7,0,"IAV","gc_per_day_norm",169.292682926829,2022-01-18,TRUE
"157",2022-01-19,NA,NA,NA,NA,NA,NA,118.21458476984,NA,NA
"158",2022-01-20,"2021/22","ARA Basel",5.9,0,"IAV","gc_per_day_norm",110.188153310105,2022-01-20,TRUE
"159",2022-01-21,NA,NA,NA,NA,NA,NA,119.686066746798,NA,NA
"160",2022-01-22,NA,NA,NA,NA,NA,NA,129.146734783526,NA,NA
"161",2022-01-23,"2021/22","ARA Basel",6.15,0,"IAV","gc_per_day_norm",123,2022-01-23,TRUE
"162",2022-01-24,NA,NA,NA,NA,NA,NA,96.217577934326,NA,NA
"163",2022-01-25,"2021/22","ARA Basel",3.94,0,"IAV","gc_per_day_norm",85.9386759581882,2022-01-25,TRUE
"164",2022-01-26,NA,NA,NA,NA,NA,NA,120.155253634366,NA,NA
"165",2022-01-27,"2021/22","ARA Basel",6.45,0,"IAV","gc_per_day_norm",148.102787456446,2022-01-27,TRUE
"166",2022-01-28,NA,NA,NA,NA,NA,NA,122.761486029989,NA,NA
"167",2022-01-29,NA,NA,NA,NA,NA,NA,90.8469694776585,NA,NA
"168",2022-01-30,"2021/22","ARA Basel",6,0,"IAV","gc_per_day_norm",122.508710801394,2022-01-30,TRUE
"169",2022-01-31,NA,NA,NA,NA,NA,NA,249.219095652375,NA,NA
"170",2022-02-01,"2021/22","ARA Basel",13.9,0,"IAV","gc_per_day_norm",347.742160278746,2022-02-01,TRUE
"171",2022-02-02,"2021/22","ARA Basel",11,0,"IAV","gc_per_day_norm",267.142857142857,2022-02-02,TRUE
"172",2022-02-03,"2021/22","ARA Basel",0.05,0,"IAV","gc_per_day_norm",1.20905923344948,2022-02-03,TRUE
"173",2022-02-04,NA,NA,NA,NA,NA,NA,0,NA,NA
"174",2022-02-05,NA,NA,NA,NA,NA,NA,0,NA,NA
"175",2022-02-06,"2021/22","ARA Basel",5.5,0,"IAV","gc_per_day_norm",110.95818815331,2022-02-06,TRUE
"176",2022-02-07,"2021/22","ARA Basel",9.75,0,"IAV","gc_per_day_norm",356.707317073171,2022-02-07,TRUE
"177",2022-02-08,NA,NA,NA,NA,NA,NA,417.959274608568,NA,NA
"178",2022-02-09,"2021/22","ARA Basel",15.2,0,"IAV","gc_per_day_norm",329.421602787456,2022-02-09,TRUE
"179",2022-02-10,NA,NA,NA,NA,NA,NA,205.968057544149,NA,NA
"180",2022-02-11,"2021/22","ARA Basel",3.5,0,"IAV","gc_per_day_norm",157.317073170732,2022-02-11,TRUE
"181",2022-02-12,NA,NA,NA,NA,NA,NA,221.426770476159,NA,NA
"182",2022-02-13,"2021/22","ARA Basel",7.8,0,"IAV","gc_per_day_norm",154.369337979094,2022-02-13,TRUE
"183",2022-02-14,NA,NA,NA,NA,NA,NA,0,NA,NA
"184",2022-02-15,NA,NA,NA,NA,NA,NA,0,NA,NA
"185",2022-02-16,"2021/22","ARA Basel",14.8,0,"IAV","gc_per_day_norm",364.585365853659,2022-02-16,TRUE
"186",2022-02-17,NA,NA,NA,NA,NA,NA,2093.24171436874,NA,NA
"187",2022-02-18,"2021/22","ARA Basel",121,0,"IAV","gc_per_day_norm",3060.8362369338,2022-02-18,TRUE
"188",2022-02-19,NA,NA,NA,NA,NA,NA,1794.78364009032,NA,NA
"189",2022-02-20,"2021/22","ARA Basel",0.05,0,"IAV","gc_per_day_norm",1.0383275261324,2022-02-20,TRUE
"190",2022-02-21,NA,NA,NA,NA,NA,NA,0,NA,NA
"191",2022-02-22,"2021/22","ARA Basel",0.05,0,"IAV","gc_per_day_norm",1.10452961672474,2022-02-22,TRUE
"192",2022-02-23,NA,NA,NA,NA,NA,NA,339.015448376848,NA,NA
"193",2022-02-24,"2021/22","ARA Basel",19.3,0,"IAV","gc_per_day_norm",399.449477351916,2022-02-24,TRUE
"194",2022-02-25,NA,NA,NA,NA,NA,NA,219.583209445638,NA,NA
"195",2022-02-26,"2021/22","ARA Basel",0.05,0,"IAV","gc_per_day_norm",1.17421602787456,2022-02-26,TRUE
"196",2022-02-27,NA,NA,NA,NA,NA,NA,0,NA,NA
"197",2022-02-28,"2021/22","ARA Basel",0,0,"IAV","gc_per_day_norm",0,2022-02-28,TRUE
"198",2022-03-01,NA,NA,NA,NA,NA,NA,130.017687805196,NA,NA
"199",2022-03-02,"2021/22","ARA Basel",12.5,0,"IAV","gc_per_day_norm",277.003484320558,2022-03-02,TRUE
"200",2022-03-03,NA,NA,NA,NA,NA,NA,401.230783624257,NA,NA
"201",2022-03-04,NA,NA,NA,NA,NA,NA,474.821111436367,NA,NA
"202",2022-03-05,NA,NA,NA,NA,NA,NA,472.858026387437,NA,NA
"203",2022-03-06,"2021/22","ARA Basel",19.4,0,"IAV","gc_per_day_norm",370.425087108014,2022-03-06,TRUE
"204",2022-03-07,NA,NA,NA,NA,NA,NA,172.177335822276,NA,NA
"205",2022-03-08,"2021/22","ARA Basel",0.05,0,"IAV","gc_per_day_norm",1.05574912891986,2022-03-08,TRUE
"206",2022-03-09,NA,NA,NA,NA,NA,NA,0,NA,NA
"207",2022-03-10,"2021/22","ARA Basel",0.05,0,"IAV","gc_per_day_norm",1.08885017421603,2022-03-10,TRUE
"208",2022-03-11,NA,NA,NA,NA,NA,NA,18.1559778183185,NA,NA
"209",2022-03-12,NA,NA,NA,NA,NA,NA,12.6365886355622,NA,NA
"210",2022-03-13,"2021/22","ARA Basel",0.05,0,"IAV","gc_per_day_norm",1.00871080139373,2022-03-13,TRUE
"211",2022-03-14,NA,NA,NA,NA,NA,NA,0,NA,NA
"212",2022-03-15,"2021/22","ARA Basel",0.05,0,"IAV","gc_per_day_norm",1.4198606271777,2022-03-15,TRUE
"213",2022-03-16,NA,NA,NA,NA,NA,NA,9.71280493284589,NA,NA
"214",2022-03-17,"2021/22","ARA Basel",0.05,0,"IAV","gc_per_day_norm",1.11498257839721,2022-03-17,TRUE
"215",2022-03-18,NA,NA,NA,NA,NA,NA,0,NA,NA
"216",2022-03-19,"2021/22","ARA Basel",0.05,0,"IAV","gc_per_day_norm",1.01567944250871,2022-03-19,TRUE
"217",2022-03-20,NA,NA,NA,NA,NA,NA,109.012221205577,NA,NA
"218",2022-03-21,"2021/22","ARA Basel",0.05,0,"IAV","gc_per_day_norm",1.10627177700348,2022-03-21,TRUE
"219",2022-03-22,NA,NA,NA,NA,NA,NA,0,NA,NA
"220",2022-03-23,"2021/22","ARA Basel",0.05,0,"IAV","gc_per_day_norm",1.11498257839721,2022-03-23,TRUE
"221",2022-03-24,NA,NA,NA,NA,NA,NA,1878.8430915968,NA,NA
"222",2022-03-25,"2021/22","ARA Basel",136,0,"IAV","gc_per_day_norm",2999.5818815331,2022-03-25,TRUE
"223",2022-03-26,NA,NA,NA,NA,NA,NA,1513.49302975764,NA,NA
"224",2022-03-27,"2021/22","ARA Basel",0.05,0,"IAV","gc_per_day_norm",1,2022-03-27,TRUE
"225",2022-03-28,NA,NA,NA,NA,NA,NA,1003.75316916357,NA,NA
"226",2022-03-29,"2021/22","ARA Basel",112,0,"IAV","gc_per_day_norm",2478.0487804878,2022-03-29,TRUE
"227",2022-03-30,NA,NA,NA,NA,NA,NA,2118.10622738597,NA,NA
"228",2022-03-31,"2021/22","ARA Basel",27.4,0,"IAV","gc_per_day_norm",1155.19163763066,2022-03-31,TRUE
"229",2022-04-01,NA,NA,NA,NA,NA,NA,1215.67067137595,NA,NA
"230",2022-04-02,NA,NA,NA,NA,NA,NA,1969.26038394247,NA,NA
"231",2022-04-03,"2021/22","ARA Basel",108,0,"IAV","gc_per_day_norm",2596.51567944251,2022-04-03,TRUE
"232",2022-04-04,NA,NA,NA,NA,NA,NA,2526.98639385085,NA,NA
"233",2022-04-05,"2021/22","ARA Basel",92,0,"IAV","gc_per_day_norm",2186.20209059233,2022-04-05,TRUE
"234",2022-04-06,NA,NA,NA,NA,NA,NA,2046.34041813012,NA,NA
"235",2022-04-07,"2021/22","ARA Basel",69.5,0,"IAV","gc_per_day_norm",1770.19163763066,2022-04-07,TRUE
"236",2022-04-08,NA,NA,NA,NA,NA,NA,1049.74476943543,NA,NA
"237",2022-04-09,NA,NA,NA,NA,NA,NA,503.171257882731,NA,NA
"238",2022-04-10,"2021/22","ARA Basel",41.8,0,"IAV","gc_per_day_norm",980.188153310105,2022-04-10,TRUE
"239",2022-04-11,NA,NA,NA,NA,NA,NA,2886.87652514365,NA,NA
"240",2022-04-12,"2021/22","ARA Basel",204,0,"IAV","gc_per_day_norm",4854.77351916376,2022-04-12,TRUE
"241",2022-04-13,NA,NA,NA,NA,NA,NA,5459.7585997226,NA,NA
"242",2022-04-14,NA,NA,NA,NA,NA,NA,4829.62442910504,NA,NA
"243",2022-04-15,NA,NA,NA,NA,NA,NA,3480.14196907913,NA,NA
"244",2022-04-16,NA,NA,NA,NA,NA,NA,1927.08218141296,NA,NA
"245",2022-04-17,"2021/22","ARA Basel",37.3,0,"IAV","gc_per_day_norm",686.216027874564,2022-04-17,TRUE
"246",2022-04-18,NA,NA,NA,NA,NA,NA,122.795911450344,NA,NA
"247",2022-04-19,"2021/22","ARA Basel",0,0,"IAV","gc_per_day_norm",0,2022-04-19,TRUE
"248",2022-04-20,NA,NA,NA,NA,NA,NA,0,NA,NA
"249",2022-04-21,"2021/22","ARA Basel",0,0,"IAV","gc_per_day_norm",0,2022-04-21,TRUE
"250",2022-04-22,NA,NA,NA,NA,NA,NA,4.88426870830774,NA,NA
"251",2022-04-23,NA,NA,NA,NA,NA,NA,3.16138331247494,NA,NA
"252",2022-04-24,"2021/22","ARA Basel",0,0,"IAV","gc_per_day_norm",0,2022-04-24,TRUE
"253",2022-04-25,NA,NA,NA,NA,NA,NA,0,NA,NA
"254",2022-04-26,"2021/22","ARA Basel",0,0,"IAV","gc_per_day_norm",0,2022-04-26,TRUE
"255",2022-04-27,NA,NA,NA,NA,NA,NA,0.192232630096896,NA,NA
"256",2022-04-28,"2021/22","ARA Basel",0,0,"IAV","gc_per_day_norm",0,2022-04-28,TRUE
"257",2022-04-29,NA,NA,NA,NA,NA,NA,0,NA,NA
"258",2022-04-30,NA,NA,NA,NA,NA,NA,0,NA,NA
"259",2022-05-01,"2021/22","ARA Basel",0,0,"IAV","gc_per_day_norm",0,2022-05-01,TRUE
"260",2022-05-02,NA,NA,NA,NA,NA,NA,0.0127038134274753,NA,NA
"261",2022-05-03,"2021/22","ARA Basel",0,0,"IAV","gc_per_day_norm",0,2022-05-03,TRUE
"262",2022-05-04,NA,NA,NA,NA,NA,NA,0,NA,NA
"263",2022-05-05,"2021/22","ARA Basel",0,0,"IAV","gc_per_day_norm",0,2022-05-05,TRUE
"264",2022-05-06,NA,NA,NA,NA,NA,NA,0.0016761390931357,NA,NA
"265",2022-05-07,NA,NA,NA,NA,NA,NA,0.00108489489949716,NA,NA
"266",2022-05-08,"2021/22","ARA Basel",0,0,"IAV","gc_per_day_norm",0,2022-05-08,TRUE
"267",2022-05-09,NA,NA,NA,NA,NA,NA,0,NA,NA
"268",2022-05-10,"2021/22","ARA Basel",0,0,"IAV","gc_per_day_norm",0,2022-05-10,TRUE
"269",2022-05-11,NA,NA,NA,NA,NA,NA,6.59687884516423e-05,NA,NA
"270",2022-05-12,"2021/22","ARA Basel",0,0,"IAV","gc_per_day_norm",0,2022-05-12,TRUE
"271",2022-05-13,NA,NA,NA,NA,NA,NA,0,NA,NA
"272",2022-05-14,NA,NA,NA,NA,NA,NA,0,NA,NA
"273",2022-05-15,"2021/22","ARA Basel",0,0,"IAV","gc_per_day_norm",0,2022-05-15,TRUE
"274",2022-05-16,NA,NA,NA,NA,NA,NA,4.36164016703787e-06,NA,NA
"275",2022-05-17,"2021/22","ARA Basel",0,0,"IAV","gc_per_day_norm",0,2022-05-17,TRUE
"276",2022-05-18,NA,NA,NA,NA,NA,NA,0,NA,NA
"277",2022-05-19,"2021/22","ARA Basel",0,0,"IAV","gc_per_day_norm",0,2022-05-19,TRUE
"278",2022-05-20,NA,NA,NA,NA,NA,NA,6.09089688123834e-07,NA,NA
"279",2022-05-21,NA,NA,NA,NA,NA,NA,4.24659794456356e-07,NA,NA
"280",2022-05-22,"2021/22","ARA Basel",0,0,"IAV","gc_per_day_norm",0,2022-05-22,TRUE
"281",2022-05-23,NA,NA,NA,NA,NA,NA,0,NA,NA
"282",2022-05-24,NA,NA,NA,NA,NA,NA,0,NA,NA
"283",2022-05-25,NA,NA,NA,NA,NA,NA,0,NA,NA
"284",2022-05-26,"2021/22","ARA Basel",0,0,"IAV","gc_per_day_norm",0,2022-05-26,TRUE
"285",2022-05-27,NA,NA,NA,NA,NA,NA,5.65586516987387e-08,NA,NA
"286",2022-05-28,NA,NA,NA,NA,NA,NA,5.62529292571238e-08,NA,NA
"287",2022-05-29,NA,NA,NA,NA,NA,NA,2.78207421869471e-08,NA,NA
"288",2022-05-30,"2021/22","ARA Basel",0,0,"IAV","gc_per_day_norm",0,2022-05-30,TRUE
"289",2022-05-31,NA,NA,NA,NA,NA,NA,0,NA,NA
"290",2022-06-01,"2021/22","ARA Basel",0,0,"IAV","gc_per_day_norm",0,2022-06-01,TRUE
"291",2022-06-02,NA,NA,NA,NA,NA,NA,4.28011418260725e-09,NA,NA
"292",2022-06-03,NA,NA,NA,NA,NA,NA,4.89155906583686e-09,NA,NA
"293",2022-06-04,NA,NA,NA,NA,NA,NA,3.05722441614803e-09,NA,NA
"294",2022-06-05,"2021/22","ARA Basel",0,0,"IAV","gc_per_day_norm",0,2022-06-05,TRUE
"295",2021-08-16,"2021/22","ARA Basel",0,0,"IBV","gc_per_day_norm",0,2021-08-16,TRUE
"296",2021-08-17,NA,NA,NA,NA,NA,NA,0,NA,NA
"297",2021-08-18,NA,NA,NA,NA,NA,NA,0,NA,NA
"298",2021-08-19,NA,NA,NA,NA,NA,NA,0,NA,NA
"299",2021-08-20,NA,NA,NA,NA,NA,NA,0,NA,NA
"300",2021-08-21,NA,NA,NA,NA,NA,NA,0,NA,NA
"301",2021-08-22,NA,NA,NA,NA,NA,NA,0,NA,NA
"302",2021-08-23,NA,NA,NA,NA,NA,NA,0,NA,NA
"303",2021-08-24,NA,NA,NA,NA,NA,NA,0,NA,NA
"304",2021-08-25,NA,NA,NA,NA,NA,NA,0,NA,NA
"305",2021-08-26,"2021/22","ARA Basel",0,0,"IBV","gc_per_day_norm",0,2021-08-26,TRUE
"306",2021-08-27,NA,NA,NA,NA,NA,NA,0,NA,NA
"307",2021-08-28,NA,NA,NA,NA,NA,NA,0,NA,NA
"308",2021-08-29,NA,NA,NA,NA,NA,NA,0,NA,NA
"309",2021-08-30,NA,NA,NA,NA,NA,NA,0,NA,NA
"310",2021-08-31,NA,NA,NA,NA,NA,NA,0,NA,NA
"311",2021-09-01,NA,NA,NA,NA,NA,NA,0,NA,NA
"312",2021-09-02,NA,NA,NA,NA,NA,NA,0,NA,NA
"313",2021-09-03,"2021/22","ARA Basel",0,0,"IBV","gc_per_day_norm",0,2021-09-03,TRUE
"314",2021-09-04,NA,NA,NA,NA,NA,NA,0,NA,NA
"315",2021-09-05,NA,NA,NA,NA,NA,NA,0,NA,NA
"316",2021-09-06,NA,NA,NA,NA,NA,NA,0,NA,NA
"317",2021-09-07,NA,NA,NA,NA,NA,NA,0,NA,NA
"318",2021-09-08,NA,NA,NA,NA,NA,NA,0,NA,NA
"319",2021-09-09,NA,NA,NA,NA,NA,NA,0,NA,NA
"320",2021-09-10,NA,NA,NA,NA,NA,NA,0,NA,NA
"321",2021-09-11,NA,NA,NA,NA,NA,NA,0,NA,NA
"322",2021-09-12,NA,NA,NA,NA,NA,NA,0,NA,NA
"323",2021-09-13,NA,NA,NA,NA,NA,NA,0,NA,NA
"324",2021-09-14,"2021/22","ARA Basel",0,0,"IBV","gc_per_day_norm",0,2021-09-14,TRUE
"325",2021-09-15,NA,NA,NA,NA,NA,NA,0,NA,NA
"326",2021-09-16,NA,NA,NA,NA,NA,NA,0,NA,NA
"327",2021-09-17,NA,NA,NA,NA,NA,NA,0,NA,NA
"328",2021-09-18,NA,NA,NA,NA,NA,NA,0,NA,NA
"329",2021-09-19,NA,NA,NA,NA,NA,NA,0,NA,NA
"330",2021-09-20,NA,NA,NA,NA,NA,NA,0,NA,NA
"331",2021-09-21,NA,NA,NA,NA,NA,NA,0,NA,NA
"332",2021-09-22,NA,NA,NA,NA,NA,NA,0,NA,NA
"333",2021-09-23,NA,NA,NA,NA,NA,NA,0,NA,NA
"334",2021-09-24,"2021/22","ARA Basel",0,0,"IBV","gc_per_day_norm",0,2021-09-24,TRUE
"335",2021-09-25,NA,NA,NA,NA,NA,NA,0,NA,NA
"336",2021-09-26,NA,NA,NA,NA,NA,NA,0,NA,NA
"337",2021-09-27,NA,NA,NA,NA,NA,NA,0,NA,NA
"338",2021-09-28,NA,NA,NA,NA,NA,NA,0,NA,NA
"339",2021-09-29,NA,NA,NA,NA,NA,NA,0,NA,NA
"340",2021-09-30,NA,NA,NA,NA,NA,NA,0,NA,NA
"341",2021-10-01,NA,NA,NA,NA,NA,NA,0,NA,NA
"342",2021-10-02,NA,NA,NA,NA,NA,NA,0,NA,NA
"343",2021-10-03,NA,NA,NA,NA,NA,NA,0,NA,NA
"344",2021-10-04,"2021/22","ARA Basel",0,0,"IBV","gc_per_day_norm",0,2021-10-04,TRUE
"345",2021-10-05,NA,NA,NA,NA,NA,NA,0,NA,NA
"346",2021-10-06,NA,NA,NA,NA,NA,NA,0,NA,NA
"347",2021-10-07,NA,NA,NA,NA,NA,NA,0,NA,NA
"348",2021-10-08,NA,NA,NA,NA,NA,NA,0,NA,NA
"349",2021-10-09,NA,NA,NA,NA,NA,NA,0,NA,NA
"350",2021-10-10,NA,NA,NA,NA,NA,NA,0,NA,NA
"351",2021-10-11,NA,NA,NA,NA,NA,NA,0,NA,NA
"352",2021-10-12,NA,NA,NA,NA,NA,NA,0,NA,NA
"353",2021-10-13,NA,NA,NA,NA,NA,NA,0,NA,NA
"354",2021-10-14,"2021/22","ARA Basel",0,0,"IBV","gc_per_day_norm",0,2021-10-14,TRUE
"355",2021-10-15,NA,NA,NA,NA,NA,NA,0,NA,NA
"356",2021-10-16,NA,NA,NA,NA,NA,NA,0,NA,NA
"357",2021-10-17,NA,NA,NA,NA,NA,NA,0,NA,NA
"358",2021-10-18,NA,NA,NA,NA,NA,NA,0,NA,NA
"359",2021-10-19,NA,NA,NA,NA,NA,NA,0,NA,NA
"360",2021-10-20,NA,NA,NA,NA,NA,NA,0,NA,NA
"361",2021-10-21,NA,NA,NA,NA,NA,NA,0,NA,NA
"362",2021-10-22,NA,NA,NA,NA,NA,NA,0,NA,NA
"363",2021-10-23,NA,NA,NA,NA,NA,NA,0,NA,NA
"364",2021-10-24,"2021/22","ARA Basel",0,0,"IBV","gc_per_day_norm",0,2021-10-24,TRUE
"365",2021-10-25,NA,NA,NA,NA,NA,NA,0,NA,NA
"366",2021-10-26,NA,NA,NA,NA,NA,NA,0,NA,NA
"367",2021-10-27,NA,NA,NA,NA,NA,NA,0,NA,NA
"368",2021-10-28,NA,NA,NA,NA,NA,NA,0,NA,NA
"369",2021-10-29,"2021/22","ARA Basel",0,0,"IBV","gc_per_day_norm",0,2021-10-29,TRUE
"370",2021-10-30,NA,NA,NA,NA,NA,NA,0,NA,NA
"371",2021-10-31,NA,NA,NA,NA,NA,NA,0,NA,NA
"372",2021-11-01,NA,NA,NA,NA,NA,NA,0,NA,NA
"373",2021-11-02,"2021/22","ARA Basel",0,0,"IBV","gc_per_day_norm",0,2021-11-02,TRUE
"374",2021-11-03,NA,NA,NA,NA,NA,NA,0,NA,NA
"375",2021-11-04,"2021/22","ARA Basel",0,0,"IBV","gc_per_day_norm",0,2021-11-04,TRUE
"376",2021-11-05,NA,NA,NA,NA,NA,NA,0,NA,NA
"377",2021-11-06,NA,NA,NA,NA,NA,NA,0,NA,NA
"378",2021-11-07,"2021/22","ARA Basel",0,0,"IBV","gc_per_day_norm",0,2021-11-07,TRUE
"379",2021-11-08,"2021/22","ARA Basel",0.05,0,"IBV","gc_per_day_norm",0,2021-11-08,TRUE
"380",2021-11-09,NA,NA,NA,NA,NA,NA,0,NA,NA
"381",2021-11-10,"2021/22","ARA Basel",0,0,"IBV","gc_per_day_norm",0,2021-11-10,TRUE
"382",2021-11-11,NA,NA,NA,NA,NA,NA,0,NA,NA
"383",2021-11-12,"2021/22","ARA Basel",0,0,"IBV","gc_per_day_norm",0,2021-11-12,TRUE
"384",2021-11-13,NA,NA,NA,NA,NA,NA,0,NA,NA
"385",2021-11-14,NA,NA,NA,NA,NA,NA,0,NA,NA
"386",2021-11-15,"2021/22","ARA Basel",0,0,"IBV","gc_per_day_norm",0,2021-11-15,TRUE
"387",2021-11-16,NA,NA,NA,NA,NA,NA,0,NA,NA
"388",2021-11-17,"2021/22","ARA Basel",0.05,0,"IBV","gc_per_day_norm",0,2021-11-17,TRUE
"389",2021-11-18,NA,NA,NA,NA,NA,NA,0,NA,NA
"390",2021-11-19,"2021/22","ARA Basel",0.05,0,"IBV","gc_per_day_norm",0,2021-11-19,TRUE
"391",2021-11-20,NA,NA,NA,NA,NA,NA,0,NA,NA
"392",2021-11-21,NA,NA,NA,NA,NA,NA,0,NA,NA
"393",2021-11-22,"2021/22","ARA Basel",0.05,0,"IBV","gc_per_day_norm",0,2021-11-22,TRUE
"394",2021-11-23,NA,NA,NA,NA,NA,NA,0,NA,NA
"395",2021-11-24,"2021/22","ARA Basel",0,0,"IBV","gc_per_day_norm",0,2021-11-24,TRUE
"396",2021-11-25,NA,NA,NA,NA,NA,NA,0,NA,NA
"397",2021-11-26,"2021/22","ARA Basel",0,0,"IBV","gc_per_day_norm",0,2021-11-26,TRUE
"398",2021-11-27,NA,NA,NA,NA,NA,NA,0,NA,NA
"399",2021-11-28,NA,NA,NA,NA,NA,NA,0,NA,NA
"400",2021-11-29,"2021/22","ARA Basel",0,0,"IBV","gc_per_day_norm",0,2021-11-29,TRUE
"401",2021-11-30,NA,NA,NA,NA,NA,NA,0,NA,NA
"402",2021-12-01,"2021/22","ARA Basel",0,0,"IBV","gc_per_day_norm",0,2021-12-01,TRUE
"403",2021-12-02,NA,NA,NA,NA,NA,NA,0,NA,NA
"404",2021-12-03,"2021/22","ARA Basel",0,0,"IBV","gc_per_day_norm",0,2021-12-03,TRUE
"405",2021-12-04,NA,NA,NA,NA,NA,NA,0,NA,NA
"406",2021-12-05,"2021/22","ARA Basel",0,0,"IBV","gc_per_day_norm",0,2021-12-05,TRUE
"407",2021-12-06,NA,NA,NA,NA,NA,NA,0,NA,NA
"408",2021-12-07,"2021/22","ARA Basel",0,0,"IBV","gc_per_day_norm",0,2021-12-07,TRUE
"409",2021-12-08,NA,NA,NA,NA,NA,NA,0,NA,NA
"410",2021-12-09,"2021/22","ARA Basel",19,0,"IBV","gc_per_day_norm",0,2021-12-09,TRUE
"411",2021-12-10,NA,NA,NA,NA,NA,NA,0,NA,NA
"412",2021-12-11,NA,NA,NA,NA,NA,NA,0,NA,NA
"413",2021-12-12,"2021/22","ARA Basel",0,0,"IBV","gc_per_day_norm",0,2021-12-12,TRUE
"414",2021-12-13,NA,NA,NA,NA,NA,NA,0,NA,NA
"415",2021-12-14,"2021/22","ARA Basel",114,0,"IBV","gc_per_day_norm",0,2021-12-14,TRUE
"416",2021-12-15,"2021/22","ARA Basel",0,0,"IBV","gc_per_day_norm",0,2021-12-15,TRUE
"417",2021-12-16,NA,NA,NA,NA,NA,NA,0,NA,NA
"418",2021-12-17,NA,NA,NA,NA,NA,NA,0,NA,NA
"419",2021-12-18,"2021/22","ARA Basel",0,0,"IBV","gc_per_day_norm",0,2021-12-18,TRUE
"420",2021-12-19,NA,NA,NA,NA,NA,NA,0,NA,NA
"421",2021-12-20,"2021/22","ARA Basel",0.05,0,"IBV","gc_per_day_norm",0,2021-12-20,TRUE
"422",2021-12-21,NA,NA,NA,NA,NA,NA,0,NA,NA
"423",2021-12-22,"2021/22","ARA Basel",0,0,"IBV","gc_per_day_norm",0,2021-12-22,TRUE
"424",2021-12-23,NA,NA,NA,NA,NA,NA,0,NA,NA
"425",2021-12-24,NA,NA,NA,NA,NA,NA,0,NA,NA
"426",2021-12-25,NA,NA,NA,NA,NA,NA,0,NA,NA
"427",2021-12-26,"2021/22","ARA Basel",0,0,"IBV","gc_per_day_norm",0,2021-12-26,TRUE
"428",2021-12-27,NA,NA,NA,NA,NA,NA,0,NA,NA
"429",2021-12-28,"2021/22","ARA Basel",0,0,"IBV","gc_per_day_norm",0,2021-12-28,TRUE
"430",2021-12-29,"2021/22","ARA Basel",0,0,"IBV","gc_per_day_norm",0,2021-12-29,TRUE
"431",2021-12-30,NA,NA,NA,NA,NA,NA,0,NA,NA
"432",2021-12-31,NA,NA,NA,NA,NA,NA,0,NA,NA
"433",2022-01-01,NA,NA,NA,NA,NA,NA,0,NA,NA
"434",2022-01-02,"2021/22","ARA Basel",0.05,0,"IBV","gc_per_day_norm",0,2022-01-02,TRUE
"435",2022-01-03,"2021/22","ARA Basel",0,0,"IBV","gc_per_day_norm",0,2022-01-03,TRUE
"436",2022-01-04,"2021/22","ARA Basel",0,0,"IBV","gc_per_day_norm",0,2022-01-04,TRUE
"437",2022-01-05,"2021/22","ARA Basel",0.05,0,"IBV","gc_per_day_norm",0,2022-01-05,TRUE
"438",2022-01-06,"2021/22","ARA Basel",0,0,"IBV","gc_per_day_norm",0,2022-01-06,TRUE
"439",2022-01-07,NA,NA,NA,NA,NA,NA,0,NA,NA
"440",2022-01-08,"2021/22","ARA Basel",0,0,"IBV","gc_per_day_norm",0,2022-01-08,TRUE
"441",2022-01-09,"2021/22","ARA Basel",0,0,"IBV","gc_per_day_norm",0,2022-01-09,TRUE
"442",2022-01-10,"2021/22","ARA Basel",12.5,0,"IBV","gc_per_day_norm",0,2022-01-10,TRUE
"443",2022-01-11,NA,NA,NA,NA,NA,NA,0,NA,NA
"444",2022-01-12,"2021/22","ARA Basel",8.6,0,"IBV","gc_per_day_norm",0,2022-01-12,TRUE
"445",2022-01-13,NA,NA,NA,NA,NA,NA,0,NA,NA
"446",2022-01-14,"2021/22","ARA Basel",10.2,0,"IBV","gc_per_day_norm",0,2022-01-14,TRUE
"447",2022-01-15,NA,NA,NA,NA,NA,NA,0,NA,NA
"448",2022-01-16,"2021/22","ARA Basel",16.5,0,"IBV","gc_per_day_norm",0,2022-01-16,TRUE
"449",2022-01-17,NA,NA,NA,NA,NA,NA,0,NA,NA
"450",2022-01-18,"2021/22","ARA Basel",7.7,0,"IBV","gc_per_day_norm",0,2022-01-18,TRUE
"451",2022-01-19,NA,NA,NA,NA,NA,NA,0,NA,NA
"452",2022-01-20,"2021/22","ARA Basel",5.9,0,"IBV","gc_per_day_norm",0,2022-01-20,TRUE
"453",2022-01-21,NA,NA,NA,NA,NA,NA,0,NA,NA
"454",2022-01-22,NA,NA,NA,NA,NA,NA,0,NA,NA
"455",2022-01-23,"2021/22","ARA Basel",6.15,0,"IBV","gc_per_day_norm",0,2022-01-23,TRUE
"456",2022-01-24,NA,NA,NA,NA,NA,NA,0,NA,NA
"457",2022-01-25,"2021/22","ARA Basel",3.94,0,"IBV","gc_per_day_norm",0,2022-01-25,TRUE
"458",2022-01-26,NA,NA,NA,NA,NA,NA,0,NA,NA
"459",2022-01-27,"2021/22","ARA Basel",6.45,0,"IBV","gc_per_day_norm",0,2022-01-27,TRUE
"460",2022-01-28,NA,NA,NA,NA,NA,NA,0,NA,NA
"461",2022-01-29,NA,NA,NA,NA,NA,NA,0,NA,NA
"462",2022-01-30,"2021/22","ARA Basel",6,0,"IBV","gc_per_day_norm",0,2022-01-30,TRUE
"463",2022-01-31,NA,NA,NA,NA,NA,NA,0,NA,NA
"464",2022-02-01,"2021/22","ARA Basel",13.9,0,"IBV","gc_per_day_norm",0,2022-02-01,TRUE
"465",2022-02-02,"2021/22","ARA Basel",11,0,"IBV","gc_per_day_norm",0,2022-02-02,TRUE
"466",2022-02-03,"2021/22","ARA Basel",0.05,0,"IBV","gc_per_day_norm",0,2022-02-03,TRUE
"467",2022-02-04,NA,NA,NA,NA,NA,NA,0,NA,NA
"468",2022-02-05,NA,NA,NA,NA,NA,NA,0,NA,NA
"469",2022-02-06,"2021/22","ARA Basel",5.5,0,"IBV","gc_per_day_norm",0,2022-02-06,TRUE
"470",2022-02-07,"2021/22","ARA Basel",9.75,0,"IBV","gc_per_day_norm",0,2022-02-07,TRUE
"471",2022-02-08,NA,NA,NA,NA,NA,NA,0,NA,NA
"472",2022-02-09,"2021/22","ARA Basel",15.2,0,"IBV","gc_per_day_norm",0,2022-02-09,TRUE
"473",2022-02-10,NA,NA,NA,NA,NA,NA,0,NA,NA
"474",2022-02-11,"2021/22","ARA Basel",3.5,0,"IBV","gc_per_day_norm",0,2022-02-11,TRUE
"475",2022-02-12,NA,NA,NA,NA,NA,NA,0,NA,NA
"476",2022-02-13,"2021/22","ARA Basel",7.8,0,"IBV","gc_per_day_norm",0,2022-02-13,TRUE
"477",2022-02-14,NA,NA,NA,NA,NA,NA,0,NA,NA
"478",2022-02-15,NA,NA,NA,NA,NA,NA,0,NA,NA
"479",2022-02-16,"2021/22","ARA Basel",14.8,0,"IBV","gc_per_day_norm",0,2022-02-16,TRUE
"480",2022-02-17,NA,NA,NA,NA,NA,NA,0,NA,NA
"481",2022-02-18,"2021/22","ARA Basel",121,0,"IBV","gc_per_day_norm",0,2022-02-18,TRUE
"482",2022-02-19,NA,NA,NA,NA,NA,NA,0,NA,NA
"483",2022-02-20,"2021/22","ARA Basel",0.05,0,"IBV","gc_per_day_norm",0,2022-02-20,TRUE
"484",2022-02-21,NA,NA,NA,NA,NA,NA,0,NA,NA
"485",2022-02-22,"2021/22","ARA Basel",0.05,0,"IBV","gc_per_day_norm",0,2022-02-22,TRUE
"486",2022-02-23,NA,NA,NA,NA,NA,NA,0,NA,NA
"487",2022-02-24,"2021/22","ARA Basel",19.3,0,"IBV","gc_per_day_norm",0,2022-02-24,TRUE
"488",2022-02-25,NA,NA,NA,NA,NA,NA,0,NA,NA
"489",2022-02-26,"2021/22","ARA Basel",0.05,0,"IBV","gc_per_day_norm",0,2022-02-26,TRUE
"490",2022-02-27,NA,NA,NA,NA,NA,NA,0,NA,NA
"491",2022-02-28,"2021/22","ARA Basel",0,0,"IBV","gc_per_day_norm",0,2022-02-28,TRUE
"492",2022-03-01,NA,NA,NA,NA,NA,NA,0,NA,NA
"493",2022-03-02,"2021/22","ARA Basel",12.5,0,"IBV","gc_per_day_norm",0,2022-03-02,TRUE
"494",2022-03-03,NA,NA,NA,NA,NA,NA,0,NA,NA
"495",2022-03-04,NA,NA,NA,NA,NA,NA,0,NA,NA
"496",2022-03-05,NA,NA,NA,NA,NA,NA,0,NA,NA
"497",2022-03-06,"2021/22","ARA Basel",19.4,0,"IBV","gc_per_day_norm",0,2022-03-06,TRUE
"498",2022-03-07,NA,NA,NA,NA,NA,NA,0,NA,NA
"499",2022-03-08,"2021/22","ARA Basel",0.05,0,"IBV","gc_per_day_norm",0,2022-03-08,TRUE
"500",2022-03-09,NA,NA,NA,NA,NA,NA,0,NA,NA
"501",2022-03-10,"2021/22","ARA Basel",0.05,0,"IBV","gc_per_day_norm",0,2022-03-10,TRUE
"502",2022-03-11,NA,NA,NA,NA,NA,NA,0,NA,NA
"503",2022-03-12,NA,NA,NA,NA,NA,NA,0,NA,NA
"504",2022-03-13,"2021/22","ARA Basel",0.05,0,"IBV","gc_per_day_norm",0,2022-03-13,TRUE
"505",2022-03-14,NA,NA,NA,NA,NA,NA,0,NA,NA
"506",2022-03-15,"2021/22","ARA Basel",0.05,0,"IBV","gc_per_day_norm",0,2022-03-15,TRUE
"507",2022-03-16,NA,NA,NA,NA,NA,NA,0,NA,NA
"508",2022-03-17,"2021/22","ARA Basel",0.05,0,"IBV","gc_per_day_norm",0,2022-03-17,TRUE
"509",2022-03-18,NA,NA,NA,NA,NA,NA,0,NA,NA
"510",2022-03-19,"2021/22","ARA Basel",0.05,0,"IBV","gc_per_day_norm",0,2022-03-19,TRUE
"511",2022-03-20,NA,NA,NA,NA,NA,NA,0,NA,NA
"512",2022-03-21,"2021/22","ARA Basel",0.05,0,"IBV","gc_per_day_norm",0,2022-03-21,TRUE
"513",2022-03-22,NA,NA,NA,NA,NA,NA,0,NA,NA
"514",2022-03-23,"2021/22","ARA Basel",0.05,0,"IBV","gc_per_day_norm",0,2022-03-23,TRUE
"515",2022-03-24,NA,NA,NA,NA,NA,NA,0,NA,NA
"516",2022-03-25,"2021/22","ARA Basel",136,0,"IBV","gc_per_day_norm",0,2022-03-25,TRUE
"517",2022-03-26,NA,NA,NA,NA,NA,NA,0,NA,NA
"518",2022-03-27,"2021/22","ARA Basel",0.05,0,"IBV","gc_per_day_norm",0,2022-03-27,TRUE
"519",2022-03-28,NA,NA,NA,NA,NA,NA,0,NA,NA
"520",2022-03-29,"2021/22","ARA Basel",112,0,"IBV","gc_per_day_norm",0,2022-03-29,TRUE
"521",2022-03-30,NA,NA,NA,NA,NA,NA,0,NA,NA
"522",2022-03-31,"2021/22","ARA Basel",27.4,0,"IBV","gc_per_day_norm",0,2022-03-31,TRUE
"523",2022-04-01,NA,NA,NA,NA,NA,NA,0,NA,NA
"524",2022-04-02,NA,NA,NA,NA,NA,NA,0,NA,NA
"525",2022-04-03,"2021/22","ARA Basel",108,0,"IBV","gc_per_day_norm",0,2022-04-03,TRUE
"526",2022-04-04,NA,NA,NA,NA,NA,NA,0,NA,NA
"527",2022-04-05,"2021/22","ARA Basel",92,0,"IBV","gc_per_day_norm",0,2022-04-05,TRUE
"528",2022-04-06,NA,NA,NA,NA,NA,NA,0,NA,NA
"529",2022-04-07,"2021/22","ARA Basel",69.5,0,"IBV","gc_per_day_norm",0,2022-04-07,TRUE
"530",2022-04-08,NA,NA,NA,NA,NA,NA,0,NA,NA
"531",2022-04-09,NA,NA,NA,NA,NA,NA,0,NA,NA
"532",2022-04-10,"2021/22","ARA Basel",41.8,0,"IBV","gc_per_day_norm",0,2022-04-10,TRUE
"533",2022-04-11,NA,NA,NA,NA,NA,NA,0,NA,NA
"534",2022-04-12,"2021/22","ARA Basel",204,0,"IBV","gc_per_day_norm",0,2022-04-12,TRUE
"535",2022-04-13,NA,NA,NA,NA,NA,NA,0,NA,NA
"536",2022-04-14,NA,NA,NA,NA,NA,NA,0,NA,NA
"537",2022-04-15,NA,NA,NA,NA,NA,NA,0,NA,NA
"538",2022-04-16,NA,NA,NA,NA,NA,NA,0,NA,NA
"539",2022-04-17,"2021/22","ARA Basel",37.3,0,"IBV","gc_per_day_norm",0,2022-04-17,TRUE
"540",2022-04-18,NA,NA,NA,NA,NA,NA,0,NA,NA
"541",2022-04-19,"2021/22","ARA Basel",0,0,"IBV","gc_per_day_norm",0,2022-04-19,TRUE
"542",2022-04-20,NA,NA,NA,NA,NA,NA,0,NA,NA
"543",2022-04-21,"2021/22","ARA Basel",0,0,"IBV","gc_per_day_norm",0,2022-04-21,TRUE
"544",2022-04-22,NA,NA,NA,NA,NA,NA,0,NA,NA
"545",2022-04-23,NA,NA,NA,NA,NA,NA,0,NA,NA
"546",2022-04-24,"2021/22","ARA Basel",0,0,"IBV","gc_per_day_norm",0,2022-04-24,TRUE
"547",2022-04-25,NA,NA,NA,NA,NA,NA,0,NA,NA
"548",2022-04-26,"2021/22","ARA Basel",0,0,"IBV","gc_per_day_norm",0,2022-04-26,TRUE
"549",2022-04-27,NA,NA,NA,NA,NA,NA,0,NA,NA
"550",2022-04-28,"2021/22","ARA Basel",0,0,"IBV","gc_per_day_norm",0,2022-04-28,TRUE
"551",2022-04-29,NA,NA,NA,NA,NA,NA,0,NA,NA
"552",2022-04-30,NA,NA,NA,NA,NA,NA,0,NA,NA
"553",2022-05-01,"2021/22","ARA Basel",0,0,"IBV","gc_per_day_norm",0,2022-05-01,TRUE
"554",2022-05-02,NA,NA,NA,NA,NA,NA,0,NA,NA
"555",2022-05-03,"2021/22","ARA Basel",0,0,"IBV","gc_per_day_norm",0,2022-05-03,TRUE
"556",2022-05-04,NA,NA,NA,NA,NA,NA,0,NA,NA
"557",2022-05-05,"2021/22","ARA Basel",0,0,"IBV","gc_per_day_norm",0,2022-05-05,TRUE
"558",2022-05-06,NA,NA,NA,NA,NA,NA,0,NA,NA
"559",2022-05-07,NA,NA,NA,NA,NA,NA,0,NA,NA
"560",2022-05-08,"2021/22","ARA Basel",0,0,"IBV","gc_per_day_norm",0,2022-05-08,TRUE
"561",2022-05-09,NA,NA,NA,NA,NA,NA,0,NA,NA
"562",2022-05-10,"2021/22","ARA Basel",0,0,"IBV","gc_per_day_norm",0,2022-05-10,TRUE
"563",2022-05-11,NA,NA,NA,NA,NA,NA,0,NA,NA
"564",2022-05-12,"2021/22","ARA Basel",0,0,"IBV","gc_per_day_norm",0,2022-05-12,TRUE
"565",2022-05-13,NA,NA,NA,NA,NA,NA,0,NA,NA
"566",2022-05-14,NA,NA,NA,NA,NA,NA,0,NA,NA
"567",2022-05-15,"2021/22","ARA Basel",0,0,"IBV","gc_per_day_norm",0,2022-05-15,TRUE
"568",2022-05-16,NA,NA,NA,NA,NA,NA,0,NA,NA
"569",2022-05-17,"2021/22","ARA Basel",0,0,"IBV","gc_per_day_norm",0,2022-05-17,TRUE
"570",2022-05-18,NA,NA,NA,NA,NA,NA,0,NA,NA
"571",2022-05-19,"2021/22","ARA Basel",0,0,"IBV","gc_per_day_norm",0,2022-05-19,TRUE
"572",2022-05-20,NA,NA,NA,NA,NA,NA,0,NA,NA
"573",2022-05-21,NA,NA,NA,NA,NA,NA,0,NA,NA
"574",2022-05-22,"2021/22","ARA Basel",0,0,"IBV","gc_per_day_norm",0,2022-05-22,TRUE
"575",2022-05-23,NA,NA,NA,NA,NA,NA,0,NA,NA
"576",2022-05-24,NA,NA,NA,NA,NA,NA,0,NA,NA
"577",2022-05-25,NA,NA,NA,NA,NA,NA,0,NA,NA
"578",2022-05-26,"2021/22","ARA Basel",0,0,"IBV","gc_per_day_norm",0,2022-05-26,TRUE
"579",2022-05-27,NA,NA,NA,NA,NA,NA,0,NA,NA
"580",2022-05-28,NA,NA,NA,NA,NA,NA,0,NA,NA
"581",2022-05-29,NA,NA,NA,NA,NA,NA,0,NA,NA
"582",2022-05-30,"2021/22","ARA Basel",0,0,"IBV","gc_per_day_norm",0,2022-05-30,TRUE
"583",2022-05-31,NA,NA,NA,NA,NA,NA,0,NA,NA
"584",2022-06-01,"2021/22","ARA Basel",0,0,"IBV","gc_per_day_norm",0,2022-06-01,TRUE
"585",2022-06-02,NA,NA,NA,NA,NA,NA,0,NA,NA
"586",2022-06-03,NA,NA,NA,NA,NA,NA,0,NA,NA
"587",2022-06-04,NA,NA,NA,NA,NA,NA,0,NA,NA
"588",2022-06-05,"2021/22","ARA Basel",0,0,"IBV","gc_per_day_norm",0,2022-06-05,TRUE
"589",2021-12-06,"2021/22","STEP Aire",0,0,"IAV","gc_per_day_norm",0,2021-12-06,TRUE
"590",2021-12-07,NA,NA,NA,NA,NA,NA,3.59051840318519,NA,NA
"591",2021-12-08,NA,NA,NA,NA,NA,NA,6.6494422121491,NA,NA
"592",2021-12-09,NA,NA,NA,NA,NA,NA,8.64517683267045,NA,NA
"593",2021-12-10,"2021/22","STEP Aire",3.211006477,1.0702958545,"IAV","gc_per_day_norm",9.04612767052797,2021-12-10,TRUE
"594",2021-12-11,NA,NA,NA,NA,NA,NA,7.61824826251837,NA,NA
"595",2021-12-12,NA,NA,NA,NA,NA,NA,5.31768466951038,NA,NA
"596",2021-12-13,"2021/22","STEP Aire",2.307155274,1.157249759,"IAV","gc_per_day_norm",3.39813108339075,2021-12-13,TRUE
"597",2021-12-14,NA,NA,NA,NA,NA,NA,2.80469909130558,NA,NA
"598",2021-12-15,NA,NA,NA,NA,NA,NA,3.24816986143848,NA,NA
"599",2021-12-16,NA,NA,NA,NA,NA,NA,4.13074195723246,NA,NA
"600",2021-12-17,"2021/22","STEP Aire",3.52602572,3.440406271,"IAV","gc_per_day_norm",4.85461394213051,2021-12-17,TRUE
"601",2021-12-18,NA,NA,NA,NA,NA,NA,5.05601207021237,NA,NA
"602",2021-12-19,NA,NA,NA,NA,NA,NA,5.30727335810481,NA,NA
"603",2021-12-20,"2021/22","STEP Aire",4.6187995785,4.6187995785,"IAV","gc_per_day_norm",6.41476251307131,2021-12-20,TRUE
"604",2021-12-21,NA,NA,NA,NA,NA,NA,8.96818980838346,NA,NA
"605",2021-12-22,NA,NA,NA,NA,NA,NA,12.6906477813453,NA,NA
"606",2021-12-23,NA,NA,NA,NA,NA,NA,17.0885745352688,NA,NA
"607",2021-12-24,"2021/22","STEP Aire",17.143036305,0,"IAV","gc_per_day_norm",21.6684081734662,2021-12-24,TRUE
"608",2021-12-25,NA,NA,NA,NA,NA,NA,25.7553303906168,NA,NA
"609",2021-12-26,NA,NA,NA,NA,NA,NA,27.9494972468696,NA,NA
"610",2021-12-27,"2021/22","STEP Aire",10.555685418,0,"IAV","gc_per_day_norm",26.6698083937406,2021-12-27,TRUE
"611",2021-12-28,NA,NA,NA,NA,NA,NA,21.0353120934066,NA,NA
"612",2021-12-29,NA,NA,NA,NA,NA,NA,12.965651050686,NA,NA
"613",2021-12-30,NA,NA,NA,NA,NA,NA,5.08061658105752,NA,NA
"614",2021-12-31,"2021/22","STEP Aire",0,0,"IAV","gc_per_day_norm",0,2021-12-31,TRUE
"615",2022-01-01,NA,NA,NA,NA,NA,NA,0,NA,NA
"616",2022-01-02,NA,NA,NA,NA,NA,NA,2.00606873055239,NA,NA
"617",2022-01-03,"2021/22","STEP Aire",3.5748322635,0,"IAV","gc_per_day_norm",5.08530075004893,2022-01-03,TRUE
"618",2022-01-04,NA,NA,NA,NA,NA,NA,6.79012830039562,NA,NA
"619",2022-01-05,NA,NA,NA,NA,NA,NA,7.06413346597844,NA,NA
"620",2022-01-06,NA,NA,NA,NA,NA,NA,6.3244240402089,NA,NA
"621",2022-01-07,"2021/22","STEP Aire",3.576760478,0,"IAV","gc_per_day_norm",4.98810781649853,2022-01-07,TRUE
"622",2022-01-08,NA,NA,NA,NA,NA,NA,3.4734702799847,NA,NA
"623",2022-01-09,NA,NA,NA,NA,NA,NA,2.20350768270814,NA,NA
"624",2022-01-10,"2021/22","STEP Aire",1.0616855215,1.0860618195,"IAV","gc_per_day_norm",1.60239396843539,2022-01-10,TRUE
"625",2022-01-11,NA,NA,NA,NA,NA,NA,1.9606304183619,NA,NA
"626",2022-01-12,NA,NA,NA,NA,NA,NA,3.03402766339857,NA,NA
"627",2022-01-13,NA,NA,NA,NA,NA,NA,4.44472367188519,NA,NA
"628",2022-01-14,"2021/22","STEP Aire",4.3411464205,1.078644278,"IAV","gc_per_day_norm",5.81485641216153,2022-01-14,TRUE
"629",2022-01-15,NA,NA,NA,NA,NA,NA,6.83096343816286,NA,NA
"630",2022-01-16,NA,NA,NA,NA,NA,NA,7.43718064620636,NA,NA
"631",2022-01-17,"2021/22","STEP Aire",5.671577832,0,"IAV","gc_per_day_norm",7.6420435182047,2022-01-17,TRUE
"632",2022-01-18,NA,NA,NA,NA,NA,NA,7.50454140957637,NA,NA
"633",2022-01-19,NA,NA,NA,NA,NA,NA,7.28547916976322,NA,NA
"634",2022-01-20,NA,NA,NA,NA,NA,NA,7.29611552171291,NA,NA
"635",2022-01-21,"2021/22","STEP Aire",6.18233739133333,0,"IAV","gc_per_day_norm",7.84770918837311,2022-01-21,TRUE
"636",2022-01-22,NA,NA,NA,NA,NA,NA,9.06289658063389,NA,NA
"637",2022-01-23,NA,NA,NA,NA,NA,NA,10.3098248611548,NA,NA
"638",2022-01-24,"2021/22","STEP Aire",8.4711767865,NA,"IAV","gc_per_day_norm",10.7680188805379,2022-01-24,TRUE
"639",2022-01-25,NA,NA,NA,NA,NA,NA,9.91799092219618,NA,NA
"640",2022-01-26,NA,NA,NA,NA,NA,NA,8.44420300078759,NA,NA
"641",2022-01-27,NA,NA,NA,NA,NA,NA,7.33210456378113,NA,NA
"642",2022-01-28,"2021/22","STEP Aire",6.191150501,NA,"IAV","gc_per_day_norm",7.56714505864579,2022-01-28,TRUE
"643",2022-01-29,NA,NA,NA,NA,NA,NA,9.73676643993433,NA,NA
"644",2022-01-30,NA,NA,NA,NA,NA,NA,12.8363806905345,NA,NA
"645",2022-01-31,"2021/22","STEP Aire",11.7953390846667,0,"IAV","gc_per_day_norm",15.4633923004178,2022-01-31,TRUE
"646",2022-02-01,NA,NA,NA,NA,NA,NA,16.47676989896,NA,NA
"647",2022-02-02,NA,NA,NA,NA,NA,NA,15.7817386731541,NA,NA
"648",2022-02-03,NA,NA,NA,NA,NA,NA,13.5450879493977,NA,NA
"649",2022-02-04,"2021/22","STEP Aire",8.335138,NA,"IAV","gc_per_day_norm",9.93360705408806,2022-02-04,TRUE
"650",2022-02-05,NA,NA,NA,NA,NA,NA,5.39119358759246,NA,NA
"651",2022-02-06,NA,NA,NA,NA,NA,NA,1.47017824615759,NA,NA
"652",2022-02-07,"2021/22","STEP Aire",0,NA,"IAV","gc_per_day_norm",0,2022-02-07,TRUE
"653",2022-02-08,NA,NA,NA,NA,NA,NA,2.17812337724528,NA,NA
"654",2022-02-09,NA,NA,NA,NA,NA,NA,6.67411513765514,NA,NA
"655",2022-02-10,NA,NA,NA,NA,NA,NA,11.5255675989003,NA,NA
"656",2022-02-11,"2021/22","STEP Aire",10.98390217625,0,"IAV","gc_per_day_norm",14.7700730786515,2022-02-11,TRUE
"657",2022-02-12,NA,NA,NA,NA,NA,NA,15.0400430760893,NA,NA
"658",2022-02-13,NA,NA,NA,NA,NA,NA,13.3471658164333,NA,NA
"659",2022-02-14,"2021/22","STEP Aire",7.198698785,NA,"IAV","gc_per_day_norm",11.2979487064132,2022-02-14,TRUE
"660",2022-02-15,NA,NA,NA,NA,NA,NA,10.269800196632,NA,NA
"661",2022-02-16,NA,NA,NA,NA,NA,NA,10.7237329131869,NA,NA
"662",2022-02-17,NA,NA,NA,NA,NA,NA,12.8916605260484,NA,NA
"663",2022-02-18,"2021/22","STEP Aire",13.282440415,0,"IAV","gc_per_day_norm",17.0054967051874,2022-02-18,TRUE
"664",2022-02-19,NA,NA,NA,NA,NA,NA,22.9053120405687,NA,NA
"665",2022-02-20,NA,NA,NA,NA,NA,NA,28.8638048021345,NA,NA
"666",2022-02-21,NA,NA,NA,NA,NA,NA,32.7618301798214,NA,NA
"667",2022-02-22,"2021/22","STEP Aire",23.53626098,NA,"IAV","gc_per_day_norm",32.4802433635658,2022-02-22,TRUE
"668",2022-02-23,NA,NA,NA,NA,NA,NA,27.0616652461812,NA,NA
"669",2022-02-24,NA,NA,NA,NA,NA,NA,20.1957795319896,NA,NA
"670",2022-02-25,"2021/22","STEP Aire",12.94571963875,0,"IAV","gc_per_day_norm",16.7340356281896,2022-02-25,TRUE
"671",2022-02-26,NA,NA,NA,NA,NA,NA,20.0373800576316,NA,NA
"672",2022-02-27,NA,NA,NA,NA,NA,NA,27.5047478057708,NA,NA
"673",2022-02-28,"2021/22","STEP Aire",26.06927171,NA,"IAV","gc_per_day_norm",35.0445709737139,2022-02-28,TRUE
"674",2022-03-01,NA,NA,NA,NA,NA,NA,39.4835351304642,NA,NA
"675",2022-03-02,NA,NA,NA,NA,NA,NA,41.3213397166116,NA,NA
"676",2022-03-03,NA,NA,NA,NA,NA,NA,41.9759376406427,NA,NA
"677",2022-03-04,"2021/22","STEP Aire",32.3770970566667,0,"IAV","gc_per_day_norm",42.8652818110439,2022-03-04,TRUE
"678",2022-03-05,NA,NA,NA,NA,NA,NA,45.0867990524309,NA,NA
"679",2022-03-06,NA,NA,NA,NA,NA,NA,48.4558118539361,NA,NA
"680",2022-03-07,NA,NA,NA,NA,NA,NA,52.4671166208209,NA,NA
"681",2022-03-08,NA,NA,NA,NA,NA,NA,56.6155097583469,NA,NA
"682",2022-03-09,NA,NA,NA,NA,NA,NA,60.3957876717754,NA,NA
"683",2022-03-10,NA,NA,NA,NA,NA,NA,63.3027467663679,NA,NA
"684",2022-03-11,"2021/22","STEP Aire",49.97957372,1.173841322,"IAV","gc_per_day_norm",64.831183447386,2022-03-11,TRUE
"685",2022-03-12,NA,NA,NA,NA,NA,NA,64.5984682498716,NA,NA
"686",2022-03-13,NA,NA,NA,NA,NA,NA,62.7122682279891,NA,NA
"687",2022-03-14,NA,NA,NA,NA,NA,NA,59.4028245656833,NA,NA
"688",2022-03-15,NA,NA,NA,NA,NA,NA,54.9003784468992,NA,NA
"689",2022-03-16,NA,NA,NA,NA,NA,NA,49.4351710555817,NA,NA
"690",2022-03-17,NA,NA,NA,NA,NA,NA,43.2374435756756,NA,NA
"691",2022-03-18,"2021/22","STEP Aire",27.446505645,0,"IAV","gc_per_day_norm",36.5374371911258,2022-03-18,TRUE
"692",2022-03-19,NA,NA,NA,NA,NA,NA,29.7791532275635,NA,NA
"693",2022-03-20,NA,NA,NA,NA,NA,NA,24.2616335773643,NA,NA
"694",2022-03-21,"2021/22","STEP Aire",16.9258814325,0,"IAV","gc_per_day_norm",21.4976802745904,2022-03-21,TRUE
"695",2022-03-22,NA,NA,NA,NA,NA,NA,22.3981467846875,NA,NA
"696",2022-03-23,NA,NA,NA,NA,NA,NA,25.466092298637,NA,NA
"697",2022-03-24,NA,NA,NA,NA,NA,NA,28.6026274388039,NA,NA
"698",2022-03-25,"2021/22","STEP Aire",24.839255945,0,"IAV","gc_per_day_norm",29.7088628275536,2022-03-25,TRUE
"699",2022-03-26,NA,NA,NA,NA,NA,NA,27.486224078845,NA,NA
"700",2022-03-27,NA,NA,NA,NA,NA,NA,23.8373967730136,NA,NA
"701",2022-03-28,"2021/22","STEP Aire",18.45383601,0,"IAV","gc_per_day_norm",21.4653814819885,2022-03-28,TRUE
"702",2022-03-29,NA,NA,NA,NA,NA,NA,22.2977482406904,NA,NA
"703",2022-03-30,NA,NA,NA,NA,NA,NA,25.1603449360052,NA,NA
"704",2022-03-31,NA,NA,NA,NA,NA,NA,28.1035889178102,NA,NA
"705",2022-04-01,NA,NA,NA,NA,NA,NA,29.1778975359828,NA,NA
"706",2022-04-02,"2021/22","STEP Aire",20.00578317,0,"IAV","gc_per_day_norm",26.4336881404001,2022-04-02,TRUE
"707",2022-04-03,NA,NA,NA,NA,NA,NA,19.7815481440438,NA,NA
"708",2022-04-04,"2021/22","STEP Aire",14.36524667,NA,"IAV","gc_per_day_norm",16.5727452123125,2022-04-04,TRUE
"709",2022-04-05,"2021/22","STEP Aire",19.46042495,0,"IAV","gc_per_day_norm",22.4774241119951,2022-04-05,TRUE
"710",2022-04-06,NA,NA,NA,NA,NA,NA,30.5189964801018,NA,NA
"711",2022-04-07,NA,NA,NA,NA,NA,NA,36.2533358602355,NA,NA
"712",2022-04-08,"2021/22","STEP Aire",18.54779434,0,"IAV","gc_per_day_norm",36.7547545130764,2022-04-08,TRUE
"713",2022-04-09,NA,NA,NA,NA,NA,NA,30.3926953699158,NA,NA
"714",2022-04-10,NA,NA,NA,NA,NA,NA,20.7171240444917,NA,NA
"715",2022-04-11,"2021/22","STEP Aire",9.823169579,0,"IAV","gc_per_day_norm",12.5731368211533,2022-04-11,TRUE
"716",2022-04-12,NA,NA,NA,NA,NA,NA,9.62543956292796,NA,NA
"717",2022-04-13,NA,NA,NA,NA,NA,NA,10.8171764475548,NA,NA
"718",2022-04-14,NA,NA,NA,NA,NA,NA,13.9111012314507,NA,NA
"719",2022-04-15,"2021/22","STEP Aire",16.501598156,0,"IAV","gc_per_day_norm",16.669967671033,2022-04-15,TRUE
"720",2022-04-16,NA,NA,NA,NA,NA,NA,17.4285543108749,NA,NA
"721",2022-04-17,NA,NA,NA,NA,NA,NA,16.8097388481752,NA,NA
"722",2022-04-18,"2021/22","STEP Aire",17.0642376425,1.0659536435,"IAV","gc_per_day_norm",16.0084237682893,2022-04-18,TRUE
"723",2022-04-19,NA,NA,NA,NA,NA,NA,15.8895020513581,NA,NA
"724",2022-04-20,NA,NA,NA,NA,NA,NA,15.9978286566662,NA,NA
"725",2022-04-21,NA,NA,NA,NA,NA,NA,15.5482490382843,NA,NA
"726",2022-04-22,"2021/22","STEP Aire",13.200837998,0,"IAV","gc_per_day_norm",13.7556086502827,2022-04-22,TRUE
"727",2022-04-23,NA,NA,NA,NA,NA,NA,10.2974777430496,NA,NA
"728",2022-04-24,NA,NA,NA,NA,NA,NA,6.70232575224311,NA,NA
"729",2022-04-25,"2021/22","STEP Aire",4.28630511075,1.0508002,"IAV","gc_per_day_norm",4.96134690983904,2022-04-25,TRUE
"730",2022-04-26,NA,NA,NA,NA,NA,NA,6.31436273195239,NA,NA
"731",2022-04-27,NA,NA,NA,NA,NA,NA,8.99570387125514,NA,NA
"732",2022-04-28,"2021/22","STEP Aire",10.139468279,NA,"IAV","gc_per_day_norm",10.4883282645585,2022-04-28,TRUE
"733",2022-04-29,"2021/22","STEP Aire",9.221485099,0,"IAV","gc_per_day_norm",9.3123273274033,2022-04-29,TRUE
"734",2021-12-06,"2021/22","STEP Aire",0,0,"IBV","gc_per_day_norm",0,2021-12-06,TRUE
"735",2021-12-07,NA,NA,NA,NA,NA,NA,1.16025793175836,NA,NA
"736",2021-12-08,NA,NA,NA,NA,NA,NA,2.15793911296154,NA,NA
"737",2021-12-09,NA,NA,NA,NA,NA,NA,2.83046679305435,NA,NA
"738",2021-12-10,"2021/22","STEP Aire",3.211006477,1.0702958545,"IBV","gc_per_day_norm",3.01526422148163,2021-12-10,TRUE
"739",2021-12-11,NA,NA,NA,NA,NA,NA,2.6492719289827,NA,NA
"740",2021-12-12,NA,NA,NA,NA,NA,NA,2.06749957147497,NA,NA
"741",2021-12-13,"2021/22","STEP Aire",2.307155274,1.157249759,"IBV","gc_per_day_norm",1.70447408617039,2021-12-13,TRUE
"742",2021-12-14,NA,NA,NA,NA,NA,NA,1.8948216902362,NA,NA
"743",2021-12-15,NA,NA,NA,NA,NA,NA,2.57356572066085,NA,NA
"744",2021-12-16,NA,NA,NA,NA,NA,NA,3.57582879438811,NA,NA
"745",2021-12-17,"2021/22","STEP Aire",3.52602572,3.440406271,"IBV","gc_per_day_norm",4.73673352836173,2021-12-17,TRUE
"746",2021-12-18,NA,NA,NA,NA,NA,NA,5.85037434144672,NA,NA
"747",2021-12-19,NA,NA,NA,NA,NA,NA,6.54673286019289,NA,NA
"748",2021-12-20,"2021/22","STEP Aire",4.6187995785,4.6187995785,"IBV","gc_per_day_norm",6.41476251307131,2021-12-20,TRUE
"749",2021-12-21,NA,NA,NA,NA,NA,NA,5.20931264987601,NA,NA
"750",2021-12-22,NA,NA,NA,NA,NA,NA,3.34881630569301,NA,NA
"751",2021-12-23,NA,NA,NA,NA,NA,NA,1.41760243693134,NA,NA
"752",2021-12-24,"2021/22","STEP Aire",17.143036305,0,"IBV","gc_per_day_norm",0,2021-12-24,TRUE
"753",2021-12-25,NA,NA,NA,NA,NA,NA,0,NA,NA
"754",2021-12-26,NA,NA,NA,NA,NA,NA,0,NA,NA
"755",2021-12-27,"2021/22","STEP Aire",10.555685418,0,"IBV","gc_per_day_norm",0,2021-12-27,TRUE
"756",2021-12-28,NA,NA,NA,NA,NA,NA,0.168369593668492,NA,NA
"757",2021-12-29,NA,NA,NA,NA,NA,NA,0.16385536104865,NA,NA
"758",2021-12-30,NA,NA,NA,NA,NA,NA,0.0774134479044825,NA,NA
"759",2021-12-31,"2021/22","STEP Aire",0,0,"IBV","gc_per_day_norm",0,2021-12-31,TRUE
"760",2022-01-01,NA,NA,NA,NA,NA,NA,0,NA,NA
"761",2022-01-02,NA,NA,NA,NA,NA,NA,0.0193447406358284,NA,NA
"762",2022-01-03,"2021/22","STEP Aire",3.5748322635,0,"IBV","gc_per_day_norm",0,2022-01-03,TRUE
"763",2022-01-04,NA,NA,NA,NA,NA,NA,0,NA,NA
"764",2022-01-05,NA,NA,NA,NA,NA,NA,0,NA,NA
"765",2022-01-06,NA,NA,NA,NA,NA,NA,0,NA,NA
"766",2022-01-07,"2021/22","STEP Aire",3.576760478,0,"IBV","gc_per_day_norm",0,2022-01-07,TRUE
"767",2022-01-08,NA,NA,NA,NA,NA,NA,0.488989127463384,NA,NA
"768",2022-01-09,NA,NA,NA,NA,NA,NA,1.10274272186395,NA,NA
"769",2022-01-10,"2021/22","STEP Aire",1.0616855215,1.0860618195,"IBV","gc_per_day_norm",1.63918493157557,2022-01-10,TRUE
"770",2022-01-11,NA,NA,NA,NA,NA,NA,1.93490387344026,NA,NA
"771",2022-01-12,NA,NA,NA,NA,NA,NA,1.98114353817245,NA,NA
"772",2022-01-13,NA,NA,NA,NA,NA,NA,1.80781188495468,NA,NA
"773",2022-01-14,"2021/22","STEP Aire",4.3411464205,1.078644278,"IBV","gc_per_day_norm",1.44481687296952,2022-01-14,TRUE
"774",2022-01-15,NA,NA,NA,NA,NA,NA,0.939957895613023,NA,NA
"775",2022-01-16,NA,NA,NA,NA,NA,NA,0.412600083135305,NA,NA
"776",2022-01-17,"2021/22","STEP Aire",5.671577832,0,"IBV","gc_per_day_norm",0,2022-01-17,TRUE
"777",2022-01-18,NA,NA,NA,NA,NA,NA,0,NA,NA
"778",2022-01-19,NA,NA,NA,NA,NA,NA,0,NA,NA
"779",2022-01-20,NA,NA,NA,NA,NA,NA,0,NA,NA
"780",2022-01-21,"2021/22","STEP Aire",6.18233739133333,0,"IBV","gc_per_day_norm",0,2022-01-21,TRUE
"781",2022-01-22,NA,NA,NA,NA,NA,NA,0.0958391093104555,NA,NA
"782",2022-01-23,NA,NA,NA,NA,NA,NA,0.156906120737058,NA,NA
"783",2022-01-24,NA,NA,NA,NA,NA,NA,0.188253978543715,NA,NA
"784",2022-01-25,NA,NA,NA,NA,NA,NA,0.194935626994333,NA,NA
"785",2022-01-26,NA,NA,NA,NA,NA,NA,0.182004010352819,NA,NA
"786",2022-01-27,NA,NA,NA,NA,NA,NA,0.154512072883078,NA,NA
"787",2022-01-28,NA,NA,NA,NA,NA,NA,0.11751275884902,NA,NA
"788",2022-01-29,NA,NA,NA,NA,NA,NA,0.0760590125145494,NA,NA
"789",2022-01-30,NA,NA,NA,NA,NA,NA,0.0352037781435739,NA,NA
"790",2022-01-31,"2021/22","STEP Aire",11.7953390846667,0,"IBV","gc_per_day_norm",0,2022-01-31,TRUE
"791",2022-02-01,NA,NA,NA,NA,NA,NA,0,NA,NA
"792",2022-02-02,NA,NA,NA,NA,NA,NA,0,NA,NA
"793",2022-02-03,NA,NA,NA,NA,NA,NA,0,NA,NA
"794",2022-02-04,NA,NA,NA,NA,NA,NA,0,NA,NA
"795",2022-02-05,NA,NA,NA,NA,NA,NA,0,NA,NA
"796",2022-02-06,NA,NA,NA,NA,NA,NA,0,NA,NA
"797",2022-02-07,NA,NA,NA,NA,NA,NA,0,NA,NA
"798",2022-02-08,NA,NA,NA,NA,NA,NA,0,NA,NA
"799",2022-02-09,NA,NA,NA,NA,NA,NA,0,NA,NA
"800",2022-02-10,NA,NA,NA,NA,NA,NA,0,NA,NA
"801",2022-02-11,"2021/22","STEP Aire",10.98390217625,0,"IBV","gc_per_day_norm",0,2022-02-11,TRUE
"802",2022-02-12,NA,NA,NA,NA,NA,NA,0.000461935142088339,NA,NA
"803",2022-02-13,NA,NA,NA,NA,NA,NA,0,NA,NA
"804",2022-02-14,NA,NA,NA,NA,NA,NA,0,NA,NA
"805",2022-02-15,NA,NA,NA,NA,NA,NA,0,NA,NA
"806",2022-02-16,NA,NA,NA,NA,NA,NA,0,NA,NA
"807",2022-02-17,NA,NA,NA,NA,NA,NA,0,NA,NA
"808",2022-02-18,"2021/22","STEP Aire",13.282440415,0,"IBV","gc_per_day_norm",0,2022-02-18,TRUE
"809",2022-02-19,NA,NA,NA,NA,NA,NA,0.0141532206703292,NA,NA
"810",2022-02-20,NA,NA,NA,NA,NA,NA,0.0310243497164194,NA,NA
"811",2022-02-21,NA,NA,NA,NA,NA,NA,0.0461519979787483,NA,NA
"812",2022-02-22,NA,NA,NA,NA,NA,NA,0.0550747762977933,NA,NA
"813",2022-02-23,NA,NA,NA,NA,NA,NA,0.0533312955140319,NA,NA
"814",2022-02-24,NA,NA,NA,NA,NA,NA,0.0364601664679416,NA,NA
"815",2022-02-25,"2021/22","STEP Aire",12.94571963875,0,"IBV","gc_per_day_norm",0,2022-02-25,TRUE
"816",2022-02-26,NA,NA,NA,NA,NA,NA,0,NA,NA
"817",2022-02-27,NA,NA,NA,NA,NA,NA,0,NA,NA
"818",2022-02-28,NA,NA,NA,NA,NA,NA,0,NA,NA
"819",2022-03-01,NA,NA,NA,NA,NA,NA,0,NA,NA
"820",2022-03-02,NA,NA,NA,NA,NA,NA,0,NA,NA
"821",2022-03-03,NA,NA,NA,NA,NA,NA,0,NA,NA
"822",2022-03-04,"2021/22","STEP Aire",32.3770970566667,0,"IBV","gc_per_day_norm",0,2022-03-04,TRUE
"823",2022-03-05,NA,NA,NA,NA,NA,NA,0.218585270693885,NA,NA
"824",2022-03-06,NA,NA,NA,NA,NA,NA,0.492676610977305,NA,NA
"825",2022-03-07,NA,NA,NA,NA,NA,NA,0.788757681649586,NA,NA
"826",2022-03-08,NA,NA,NA,NA,NA,NA,1.07331214351005,NA,NA
"827",2022-03-09,NA,NA,NA,NA,NA,NA,1.31282365735802,NA,NA
"828",2022-03-10,NA,NA,NA,NA,NA,NA,1.47377588399283,NA,NA
"829",2022-03-11,"2021/22","STEP Aire",49.97957372,1.173841322,"IBV","gc_per_day_norm",1.52265248421379,2022-03-11,TRUE
"830",2022-03-12,NA,NA,NA,NA,NA,NA,1.43785753090968,NA,NA
"831",2022-03-13,NA,NA,NA,NA,NA,NA,1.24547674532713,NA,NA
"832",2022-03-14,NA,NA,NA,NA,NA,NA,0.983516260802193,NA,NA
"833",2022-03-15,NA,NA,NA,NA,NA,NA,0.689982210670943,NA,NA
"834",2022-03-16,NA,NA,NA,NA,NA,NA,0.402880728269448,NA,NA
"835",2022-03-17,NA,NA,NA,NA,NA,NA,0.160217946933778,NA,NA
"836",2022-03-18,"2021/22","STEP Aire",27.446505645,0,"IBV","gc_per_day_norm",0,2022-03-18,TRUE
"837",2022-03-19,NA,NA,NA,NA,NA,NA,0,NA,NA
"838",2022-03-20,NA,NA,NA,NA,NA,NA,0,NA,NA
"839",2022-03-21,"2021/22","STEP Aire",16.9258814325,0,"IBV","gc_per_day_norm",0,2022-03-21,TRUE
"840",2022-03-22,NA,NA,NA,NA,NA,NA,0.019385499694642,NA,NA
"841",2022-03-23,NA,NA,NA,NA,NA,NA,0.0197174802177046,NA,NA
"842",2022-03-24,NA,NA,NA,NA,NA,NA,0.0101907206319148,NA,NA
"843",2022-03-25,"2021/22","STEP Aire",24.839255945,0,"IBV","gc_per_day_norm",0,2022-03-25,TRUE
"844",2022-03-26,NA,NA,NA,NA,NA,NA,0,NA,NA
"845",2022-03-27,NA,NA,NA,NA,NA,NA,0,NA,NA
"846",2022-03-28,"2021/22","STEP Aire",18.45383601,0,"IBV","gc_per_day_norm",0,2022-03-28,TRUE
"847",2022-03-29,NA,NA,NA,NA,NA,NA,0.00117611510081042,NA,NA
"848",2022-03-30,NA,NA,NA,NA,NA,NA,0.000985158210551109,NA,NA
"849",2022-03-31,NA,NA,NA,NA,NA,NA,0.000206143769886586,NA,NA
"850",2022-04-01,NA,NA,NA,NA,NA,NA,0,NA,NA
"851",2022-04-02,"2021/22","STEP Aire",20.00578317,0,"IBV","gc_per_day_norm",0,2022-04-02,TRUE
"852",2022-04-03,NA,NA,NA,NA,NA,NA,0.00158439163604239,NA,NA
"853",2022-04-04,NA,NA,NA,NA,NA,NA,0.00241773598795008,NA,NA
"854",2022-04-05,"2021/22","STEP Aire",19.46042495,0,"IBV","gc_per_day_norm",0,2022-04-05,TRUE
"855",2022-04-06,NA,NA,NA,NA,NA,NA,0,NA,NA
"856",2022-04-07,NA,NA,NA,NA,NA,NA,0,NA,NA
"857",2022-04-08,"2021/22","STEP Aire",18.54779434,0,"IBV","gc_per_day_norm",0,2022-04-08,TRUE
"858",2022-04-09,NA,NA,NA,NA,NA,NA,0.0234228547039735,NA,NA
"859",2022-04-10,NA,NA,NA,NA,NA,NA,0.0345924353326506,NA,NA
"860",2022-04-11,"2021/22","STEP Aire",9.823169579,0,"IBV","gc_per_day_norm",0,2022-04-11,TRUE
"861",2022-04-12,NA,NA,NA,NA,NA,NA,0,NA,NA
"862",2022-04-13,NA,NA,NA,NA,NA,NA,0,NA,NA
"863",2022-04-14,NA,NA,NA,NA,NA,NA,0,NA,NA
"864",2022-04-15,"2021/22","STEP Aire",16.501598156,0,"IBV","gc_per_day_norm",0,2022-04-15,TRUE
"865",2022-04-16,NA,NA,NA,NA,NA,NA,0.387163555198451,NA,NA
"866",2022-04-17,NA,NA,NA,NA,NA,NA,0.79933095689999,NA,NA
"867",2022-04-18,"2021/22","STEP Aire",17.0642376425,1.0659536435,"IBV","gc_per_day_norm",1,2022-04-18,TRUE
"868",2022-04-19,NA,NA,NA,NA,NA,NA,0.831455221826795,NA,NA
"869",2022-04-20,NA,NA,NA,NA,NA,NA,0.451128129440413,NA,NA
"870",2022-04-21,NA,NA,NA,NA,NA,NA,0.0952369723338247,NA,NA
"871",2022-04-22,"2021/22","STEP Aire",13.200837998,0,"IBV","gc_per_day_norm",0,2022-04-22,TRUE
"872",2022-04-23,NA,NA,NA,NA,NA,NA,0.311853683391652,NA,NA
"873",2022-04-24,NA,NA,NA,NA,NA,NA,0.818107379300465,NA,NA
"874",2022-04-25,"2021/22","STEP Aire",4.28630511075,1.0508002,"IBV","gc_per_day_norm",1.21628866597787,2022-04-25,TRUE
"875",2022-04-26,NA,NA,NA,NA,NA,NA,1.27144322659089,NA,NA
"876",2022-04-27,NA,NA,NA,NA,NA,NA,1.01868916396892,NA,NA
"877",2022-04-28,NA,NA,NA,NA,NA,NA,0.560662685856956,NA,NA
"878",2022-04-29,"2021/22","STEP Aire",9.221485099,0,"IBV","gc_per_day_norm",0,2022-04-29,TRUE
"879",2021-12-03,"2021/22","ARA Werdhlzli",11.30082308,NA,"IAV","gc_per_day_norm",10.0513374331248,2021-12-03,TRUE
"880",2021-12-04,NA,NA,NA,NA,NA,NA,9.73750628600735,NA,NA
"881",2021-12-05,NA,NA,NA,NA,NA,NA,10.508254342963,NA,NA
"882",2021-12-06,"2021/22","ARA Werdhlzli",12.6524606965,NA,"IAV","gc_per_day_norm",13.4481608080649,2021-12-06,TRUE
"883",2021-12-07,NA,NA,NA,NA,NA,NA,19.0934514786736,NA,NA
"884",2021-12-08,NA,NA,NA,NA,NA,NA,25.7869385252996,NA,NA
"885",2021-12-09,NA,NA,NA,NA,NA,NA,31.3230807117411,NA,NA
"886",2021-12-10,"2021/22","ARA Werdhlzli",18.90409413,0,"IAV","gc_per_day_norm",33.4963368017961,2021-12-10,TRUE
"887",2021-12-11,NA,NA,NA,NA,NA,NA,30.9209037013389,NA,NA
"888",2021-12-12,NA,NA,NA,NA,NA,NA,25.4899308845484,NA,NA
"889",2021-12-13,"2021/22","ARA Werdhlzli",18.86856144,0,"IAV","gc_per_day_norm",19.9163059676795,2021-12-13,TRUE
"890",2021-12-14,NA,NA,NA,NA,NA,NA,16.3237508968988,NA,NA
"891",2021-12-15,NA,NA,NA,NA,NA,NA,14.4793249380186,NA,NA
"892",2021-12-16,NA,NA,NA,NA,NA,NA,13.5609216867626,NA,NA
"893",2021-12-17,"2021/22","ARA Werdhlzli",13.72107817,0,"IAV","gc_per_day_norm",12.7464347388547,2021-12-17,TRUE
"894",2021-12-18,NA,NA,NA,NA,NA,NA,11.4298416161365,NA,NA
"895",2021-12-19,NA,NA,NA,NA,NA,NA,9.86945554492088,NA,NA
"896",2021-12-20,"2021/22","ARA Werdhlzli",10.14686463,0,"IAV","gc_per_day_norm",8.53967367763879,2021-12-20,TRUE
"897",2021-12-21,NA,NA,NA,NA,NA,NA,7.80055418761524,NA,NA
"898",2021-12-22,NA,NA,NA,NA,NA,NA,7.55479933175202,NA,NA
"899",2021-12-23,NA,NA,NA,NA,NA,NA,7.59077238784515,NA,NA
"900",2021-12-24,"2021/22","ARA Werdhlzli",9.26332574,0,"IAV","gc_per_day_norm",7.69683663369065,2021-12-24,TRUE
"901",2021-12-25,NA,NA,NA,NA,NA,NA,7.67911785364713,NA,NA
"902",2021-12-26,NA,NA,NA,NA,NA,NA,7.41479185832371,NA,NA
"903",2021-12-27,"2021/22","ARA Werdhlzli",4.051755851,0,"IAV","gc_per_day_norm",6.79879696489212,2021-12-27,TRUE
"904",2021-12-28,NA,NA,NA,NA,NA,NA,5.80770542873169,NA,NA
"905",2021-12-29,NA,NA,NA,NA,NA,NA,4.74462525805207,NA,NA
"906",2021-12-30,NA,NA,NA,NA,NA,NA,3.99429839927049,NA,NA
"907",2021-12-31,NA,NA,NA,NA,NA,NA,3.9414667988042,NA,NA
"908",2022-01-01,"2021/22","ARA Werdhlzli",5.1785827695,1.0417854955,"IAV","gc_per_day_norm",4.97087240307044,2022-01-01,TRUE
"909",2022-01-02,NA,NA,NA,NA,NA,NA,7.09507388414024,NA,NA
"910",2022-01-03,"2021/22","ARA Werdhlzli",9.344632721,0,"IAV","gc_per_day_norm",8.83789681669986,2022-01-03,TRUE
"911",2022-01-04,NA,NA,NA,NA,NA,NA,8.79249271711974,NA,NA
"912",2022-01-05,NA,NA,NA,NA,NA,NA,7.31804996589189,NA,NA
"913",2022-01-06,NA,NA,NA,NA,NA,NA,5.21526615953869,NA,NA
"914",2022-01-07,NA,NA,NA,NA,NA,NA,3.28483889458254,NA,NA
"915",2022-01-08,"2021/22","ARA Werdhlzli",2.061589915,0,"IAV","gc_per_day_norm",2.32746576754582,2022-01-08,TRUE
"916",2022-01-09,NA,NA,NA,NA,NA,NA,2.8200770129358,NA,NA
"917",2022-01-10,"2021/22","ARA Werdhlzli",2.073964631,0,"IAV","gc_per_day_norm",3.94453341719923,2022-01-10,TRUE
"918",2022-01-11,NA,NA,NA,NA,NA,NA,4.77954014344079,NA,NA
"919",2022-01-12,NA,NA,NA,NA,NA,NA,5.28624930945752,NA,NA
"920",2022-01-13,NA,NA,NA,NA,NA,NA,5.64642477171952,NA,NA
"921",2022-01-14,"2021/22","ARA Werdhlzli",6.113533107,0,"IAV","gc_per_day_norm",6.04183038669691,2022-01-14,TRUE
"922",2022-01-15,NA,NA,NA,NA,NA,NA,6.57287504686544,NA,NA
"923",2022-01-16,NA,NA,NA,NA,NA,NA,7.01454778872345,NA,NA
"924",2022-01-17,"2021/22","ARA Werdhlzli",7.35372256,0,"IAV","gc_per_day_norm",7.06048268477496,2022-01-17,TRUE
"925",2022-01-18,NA,NA,NA,NA,NA,NA,6.51210705703725,NA,NA
"926",2022-01-19,NA,NA,NA,NA,NA,NA,5.60202122558086,NA,NA
"927",2022-01-20,NA,NA,NA,NA,NA,NA,4.67061875998961,NA,NA
"928",2022-01-21,"2021/22","ARA Werdhlzli",4.6068982365,0,"IAV","gc_per_day_norm",4.05829322984734,2022-01-21,TRUE
"929",2022-01-22,NA,NA,NA,NA,NA,NA,4.01988466237599,NA,NA
"930",2022-01-23,NA,NA,NA,NA,NA,NA,4.46801891535001,NA,NA
"931",2022-01-24,NA,NA,NA,NA,NA,NA,5.22976830418196,NA,NA
"932",2022-01-25,NA,NA,NA,NA,NA,NA,6.13220514428441,NA,NA
"933",2022-01-26,NA,NA,NA,NA,NA,NA,7.0024017510699,NA,NA
"934",2022-01-27,NA,NA,NA,NA,NA,NA,7.66743043995101,NA,NA
"935",2022-01-28,"2021/22","ARA Werdhlzli",8.233118312,1.038677979,"IAV","gc_per_day_norm",7.9543635263403,2022-01-28,TRUE
"936",2022-01-29,NA,NA,NA,NA,NA,NA,7.74509093985819,NA,NA
"937",2022-01-30,NA,NA,NA,NA,NA,NA,7.14077306695662,NA,NA
"938",2022-01-31,NA,NA,NA,NA,NA,NA,6.29738790829536,NA,NA
"939",2022-02-01,NA,NA,NA,NA,NA,NA,5.3709134645342,NA,NA
"940",2022-02-02,NA,NA,NA,NA,NA,NA,4.51732773633294,NA,NA
"941",2022-02-03,NA,NA,NA,NA,NA,NA,3.89260872435136,NA,NA
"942",2022-02-04,"2021/22","ARA Werdhlzli",4.063655545,0,"IAV","gc_per_day_norm",3.65273442924925,2022-02-04,TRUE
"943",2022-02-05,NA,NA,NA,NA,NA,NA,3.91497128386787,NA,NA
"944",2022-02-06,"2021/22","ARA Werdhlzli",5.493477445,0,"IAV","gc_per_day_norm",4.64173944977435,2022-02-06,TRUE
"945",2022-02-07,"2021/22","ARA Werdhlzli",3.097803157,1.030419955,"IAV","gc_per_day_norm",5.53715639150613,2022-02-07,TRUE
"946",2022-02-08,NA,NA,NA,NA,NA,NA,5.70221300113762,NA,NA
"947",2022-02-09,NA,NA,NA,NA,NA,NA,5.1192608190585,NA,NA
"948",2022-02-10,NA,NA,NA,NA,NA,NA,4.0458893300401,NA,NA
"949",2022-02-11,NA,NA,NA,NA,NA,NA,2.73968801885374,NA,NA
"950",2022-02-12,NA,NA,NA,NA,NA,NA,1.45824637027072,NA,NA
"951",2022-02-13,NA,NA,NA,NA,NA,NA,0.459153869062374,NA,NA
"952",2022-02-14,"2021/22","ARA Werdhlzli",0,3.1609049195,"IAV","gc_per_day_norm",0,2022-02-14,TRUE
"953",2022-02-15,NA,NA,NA,NA,NA,NA,0.283525256453749,NA,NA
"954",2022-02-16,NA,NA,NA,NA,NA,NA,1.29307416618908,NA,NA
"955",2022-02-17,NA,NA,NA,NA,NA,NA,2.95714226557027,NA,NA
"956",2022-02-18,"2021/22","ARA Werdhlzli",5.1318204115,1.032887233,"IAV","gc_per_day_norm",5.2042250909616,2022-02-18,TRUE
"957",2022-02-19,NA,NA,NA,NA,NA,NA,7.8981370219314,NA,NA
"958",2022-02-20,NA,NA,NA,NA,NA,NA,10.6439678108641,NA,NA
"959",2022-02-21,"2021/22","ARA Werdhlzli",8.4540946515,0,"IAV","gc_per_day_norm",12.982126053348,2022-02-21,TRUE
"960",2022-02-22,NA,NA,NA,NA,NA,NA,14.5645715325302,NA,NA
"961",2022-02-23,NA,NA,NA,NA,NA,NA,15.4894687817912,NA,NA
"962",2022-02-24,NA,NA,NA,NA,NA,NA,15.9665335220704,NA,NA
"963",2022-02-25,"2021/22","ARA Werdhlzli",15.700165051,1.0371497715,"IAV","gc_per_day_norm",16.2054814743068,2022-02-25,TRUE
"964",2022-02-26,NA,NA,NA,NA,NA,NA,16.3942689852924,NA,NA
"965",2022-02-27,NA,NA,NA,NA,NA,NA,16.6338149052303,NA,NA
"966",2022-02-28,NA,NA,NA,NA,NA,NA,17.0032787101764,NA,NA
"967",2022-03-01,NA,NA,NA,NA,NA,NA,17.5818198761866,NA,NA
"968",2022-03-02,NA,NA,NA,NA,NA,NA,18.4485978793169,NA,NA
"969",2022-03-03,NA,NA,NA,NA,NA,NA,19.6827721956231,NA,NA
"970",2022-03-04,NA,NA,NA,NA,NA,NA,21.3635023011611,NA,NA
"971",2022-03-05,NA,NA,NA,NA,NA,NA,23.5699476719868,NA,NA
"972",2022-03-06,NA,NA,NA,NA,NA,NA,26.3812677841561,NA,NA
"973",2022-03-07,"2021/22","ARA Werdhlzli",34.69943168,0,"IAV","gc_per_day_norm",29.876622113725,2022-03-07,TRUE
"974",2022-03-08,NA,NA,NA,NA,NA,NA,34.025059292255,NA,NA
"975",2022-03-09,NA,NA,NA,NA,NA,NA,38.355184573331,NA,NA
"976",2022-03-10,NA,NA,NA,NA,NA,NA,42.2854923660434,NA,NA
"977",2022-03-11,NA,NA,NA,NA,NA,NA,45.2344770794827,NA,NA
"978",2022-03-12,NA,NA,NA,NA,NA,NA,46.6206331227395,NA,NA
"979",2022-03-13,NA,NA,NA,NA,NA,NA,45.8624549049041,NA,NA
"980",2022-03-14,"2021/22","ARA Werdhlzli",50.08969489,0,"IAV","gc_per_day_norm",42.3784368350672,2022-03-14,TRUE
"981",2022-03-15,NA,NA,NA,NA,NA,NA,36.0861861112481,NA,NA
"982",2022-03-16,NA,NA,NA,NA,NA,NA,28.899761087181,NA,NA
"983",2022-03-17,NA,NA,NA,NA,NA,NA,23.2323329055293,NA,NA
"984",2022-03-18,"2021/22","ARA Werdhlzli",23.89268104,0,"IAV","gc_per_day_norm",21.4970727089561,2022-03-18,TRUE
"985",2022-03-19,NA,NA,NA,NA,NA,NA,25.0690028404253,NA,NA
"986",2022-03-20,NA,NA,NA,NA,NA,NA,31.170550444103,NA,NA
"987",2022-03-21,"2021/22","ARA Werdhlzli",44.310039235,0,"IAV","gc_per_day_norm",35.9859938644558,2022-03-21,TRUE
"988",2022-03-22,NA,NA,NA,NA,NA,NA,36.6212785097764,NA,NA
"989",2022-03-23,NA,NA,NA,NA,NA,NA,33.8690180436609,NA,NA
"990",2022-03-24,NA,NA,NA,NA,NA,NA,29.4434931935313,NA,NA
"991",2022-03-25,"2021/22","ARA Werdhlzli",30.42683585,0,"IAV","gc_per_day_norm",25.0589846868095,2022-03-25,TRUE
"992",2022-03-26,NA,NA,NA,NA,NA,NA,21.9784869965644,NA,NA
"993",2022-03-27,NA,NA,NA,NA,NA,NA,19.6598495784528,NA,NA
"994",2022-03-28,"2021/22","ARA Werdhlzli",20.277863755,0,"IAV","gc_per_day_norm",17.1096356337783,2022-03-28,TRUE
"995",2022-03-29,NA,NA,NA,NA,NA,NA,13.7677277317983,NA,NA
"996",2022-03-30,NA,NA,NA,NA,NA,NA,10.807285913586,NA,NA
"997",2022-03-31,NA,NA,NA,NA,NA,NA,9.8347895881682,NA,NA
"998",2022-04-01,NA,NA,NA,NA,NA,NA,12.4567181645719,NA,NA
"999",2022-04-02,"2021/22","ARA Werdhlzli",11.37317262,0,"IAV","gc_per_day_norm",20.2795510518239,2022-04-02,TRUE
"1000",2022-04-03,NA,NA,NA,NA,NA,NA,33.0478870629339,NA,NA
"1001",2022-04-04,"2021/22","ARA Werdhlzli",38.850564345,NA,"IAV","gc_per_day_norm",43.0588026268421,2022-04-04,TRUE
"1002",2022-04-05,"2021/22","ARA Werdhlzli",45.35095764,0,"IAV","gc_per_day_norm",44.2505162842232,2022-04-05,TRUE
"1003",2022-04-06,NA,NA,NA,NA,NA,NA,42.7544356475956,NA,NA
"1004",2022-04-07,NA,NA,NA,NA,NA,NA,40.9293840005824,NA,NA
"1005",2022-04-08,"2021/22","ARA Werdhlzli",16.8022398425,1.034884401,"IAV","gc_per_day_norm",39.3152828676448,2022-04-08,TRUE
"1006",2022-04-09,NA,NA,NA,NA,NA,NA,38.1785970743066,NA,NA
"1007",2022-04-10,NA,NA,NA,NA,NA,NA,36.6919646503424,NA,NA
"1008",2022-04-11,"2021/22","ARA Werdhlzli",32.47483905,0,"IAV","gc_per_day_norm",33.7545669265893,2022-04-11,TRUE
"1009",2022-04-12,NA,NA,NA,NA,NA,NA,28.7175756321015,NA,NA
"1010",2022-04-13,NA,NA,NA,NA,NA,NA,22.7401240888009,NA,NA
"1011",2022-04-14,NA,NA,NA,NA,NA,NA,17.4333360168264,NA,NA
"1012",2022-04-15,"2021/22","ARA Werdhlzli",17.06510921,0,"IAV","gc_per_day_norm",14.4083351363167,2022-04-15,TRUE
"1013",2022-04-16,NA,NA,NA,NA,NA,NA,14.6726256492698,NA,NA
"1014",2022-04-17,NA,NA,NA,NA,NA,NA,16.8192336851205,NA,NA
"1015",2022-04-18,"2021/22","ARA Werdhlzli",23.380738285,0,"IAV","gc_per_day_norm",18.8375658551625,2022-04-18,TRUE
"1016",2022-04-19,NA,NA,NA,NA,NA,NA,19.2296145890466,NA,NA
"1017",2022-04-20,NA,NA,NA,NA,NA,NA,18.5477155898511,NA,NA
"1018",2022-04-21,NA,NA,NA,NA,NA,NA,17.856790379011,NA,NA
"1019",2022-04-22,"2021/22","ARA Werdhlzli",21.3156867525,0,"IAV","gc_per_day_norm",18.2217604779616,2022-04-22,TRUE
"1020",2022-04-23,NA,NA,NA,NA,NA,NA,20.4122373306083,NA,NA
"1021",2022-04-24,NA,NA,NA,NA,NA,NA,24.0165920707389,NA,NA
"1022",2022-04-25,"2021/22","ARA Werdhlzli",14.637943524,0,"IAV","gc_per_day_norm",28.3278857546114,2022-04-25,TRUE
"1023",2021-12-10,"2021/22","ARA Werdhlzli",18.90409413,0,"IBV","gc_per_day_norm",0,2021-12-10,TRUE
"1024",2021-12-11,NA,NA,NA,NA,NA,NA,0,NA,NA
"1025",2021-12-12,NA,NA,NA,NA,NA,NA,0,NA,NA
"1026",2021-12-13,"2021/22","ARA Werdhlzli",18.86856144,0,"IBV","gc_per_day_norm",0,2021-12-13,TRUE
"1027",2021-12-14,NA,NA,NA,NA,NA,NA,0.00133589183674032,NA,NA
"1028",2021-12-15,NA,NA,NA,NA,NA,NA,0.00254455587950536,NA,NA
"1029",2021-12-16,NA,NA,NA,NA,NA,NA,0.00248094198251773,NA,NA
"1030",2021-12-17,"2021/22","ARA Werdhlzli",13.72107817,0,"IBV","gc_per_day_norm",0,2021-12-17,TRUE
"1031",2021-12-18,NA,NA,NA,NA,NA,NA,0,NA,NA
"1032",2021-12-19,NA,NA,NA,NA,NA,NA,0,NA,NA
"1033",2021-12-20,"2021/22","ARA Werdhlzli",10.14686463,0,"IBV","gc_per_day_norm",0,2021-12-20,TRUE
"1034",2021-12-21,NA,NA,NA,NA,NA,NA,0.0183685127551794,NA,NA
"1035",2021-12-22,NA,NA,NA,NA,NA,NA,0.0354965545190998,NA,NA
"1036",2021-12-23,NA,NA,NA,NA,NA,NA,0.0348763190234704,NA,NA
"1037",2021-12-24,"2021/22","ARA Werdhlzli",9.26332574,0,"IBV","gc_per_day_norm",0,2021-12-24,TRUE
"1038",2021-12-25,NA,NA,NA,NA,NA,NA,0,NA,NA
"1039",2021-12-26,NA,NA,NA,NA,NA,NA,0,NA,NA
"1040",2021-12-27,"2021/22","ARA Werdhlzli",4.051755851,0,"IBV","gc_per_day_norm",0,2021-12-27,TRUE
"1041",2021-12-28,NA,NA,NA,NA,NA,NA,0.27813005216829,NA,NA
"1042",2021-12-29,NA,NA,NA,NA,NA,NA,0.64499844396746,NA,NA
"1043",2021-12-30,NA,NA,NA,NA,NA,NA,0.972801809682486,NA,NA
"1044",2021-12-31,NA,NA,NA,NA,NA,NA,1.13373678359834,NA,NA
"1045",2022-01-01,"2021/22","ARA Werdhlzli",5.1785827695,1.0417854955,"IBV","gc_per_day_norm",1,2022-01-01,TRUE
"1046",2022-01-02,NA,NA,NA,NA,NA,NA,0.526625880997359,NA,NA
"1047",2022-01-03,"2021/22","ARA Werdhlzli",9.344632721,0,"IBV","gc_per_day_norm",0,2022-01-03,TRUE
"1048",2022-01-04,NA,NA,NA,NA,NA,NA,0,NA,NA
"1049",2022-01-05,NA,NA,NA,NA,NA,NA,0,NA,NA
"1050",2022-01-06,NA,NA,NA,NA,NA,NA,0,NA,NA
"1051",2022-01-07,NA,NA,NA,NA,NA,NA,0,NA,NA
"1052",2022-01-08,"2021/22","ARA Werdhlzli",2.061589915,0,"IBV","gc_per_day_norm",0,2022-01-08,TRUE
"1053",2022-01-09,NA,NA,NA,NA,NA,NA,0.0238866066552955,NA,NA
"1054",2022-01-10,"2021/22","ARA Werdhlzli",2.073964631,0,"IBV","gc_per_day_norm",0,2022-01-10,TRUE
"1055",2022-01-11,NA,NA,NA,NA,NA,NA,0,NA,NA
"1056",2022-01-12,NA,NA,NA,NA,NA,NA,0,NA,NA
"1057",2022-01-13,NA,NA,NA,NA,NA,NA,0,NA,NA
"1058",2022-01-14,"2021/22","ARA Werdhlzli",6.113533107,0,"IBV","gc_per_day_norm",0,2022-01-14,TRUE
"1059",2022-01-15,NA,NA,NA,NA,NA,NA,0.00788094727115536,NA,NA
"1060",2022-01-16,NA,NA,NA,NA,NA,NA,0.00917948619250932,NA,NA
"1061",2022-01-17,"2021/22","ARA Werdhlzli",7.35372256,0,"IBV","gc_per_day_norm",0,2022-01-17,TRUE
"1062",2022-01-18,NA,NA,NA,NA,NA,NA,0,NA,NA
"1063",2022-01-19,NA,NA,NA,NA,NA,NA,0,NA,NA
"1064",2022-01-20,NA,NA,NA,NA,NA,NA,0,NA,NA
"1065",2022-01-21,"2021/22","ARA Werdhlzli",4.6068982365,0,"IBV","gc_per_day_norm",0,2022-01-21,TRUE
"1066",2022-01-22,NA,NA,NA,NA,NA,NA,0.0843029296340762,NA,NA
"1067",2022-01-23,NA,NA,NA,NA,NA,NA,0.208689601963883,NA,NA
"1068",2022-01-24,NA,NA,NA,NA,NA,NA,0.360920919423109,NA,NA
"1069",2022-01-25,NA,NA,NA,NA,NA,NA,0.528757784445441,NA,NA
"1070",2022-01-26,NA,NA,NA,NA,NA,NA,0.699961099464569,NA,NA
"1071",2022-01-27,NA,NA,NA,NA,NA,NA,0.862291766914179,NA,NA
"1072",2022-01-28,"2021/22","ARA Werdhlzli",8.233118312,1.038677979,"IBV","gc_per_day_norm",1.00351068922796,2022-01-28,TRUE
"1073",2022-01-29,NA,NA,NA,NA,NA,NA,1.11029180065869,NA,NA
"1074",2022-01-30,NA,NA,NA,NA,NA,NA,1.16496116273553,NA,NA
"1075",2022-01-31,NA,NA,NA,NA,NA,NA,1.14875786880673,NA,NA
"1076",2022-02-01,NA,NA,NA,NA,NA,NA,1.04292101222052,NA,NA
"1077",2022-02-02,NA,NA,NA,NA,NA,NA,0.82868968632517,NA,NA
"1078",2022-02-03,NA,NA,NA,NA,NA,NA,0.487302984468913,NA,NA
"1079",2022-02-04,"2021/22","ARA Werdhlzli",4.063655545,0,"IBV","gc_per_day_norm",0,2022-02-04,TRUE
"1080",2022-02-05,NA,NA,NA,NA,NA,NA,0,NA,NA
"1081",2022-02-06,"2021/22","ARA Werdhlzli",5.493477445,0,"IBV","gc_per_day_norm",0,2022-02-06,TRUE
"1082",2022-02-07,"2021/22","ARA Werdhlzli",3.097803157,1.030419955,"IBV","gc_per_day_norm",1.84182020309166,2022-02-07,TRUE
"1083",2022-02-08,NA,NA,NA,NA,NA,NA,3.38172035199296,NA,NA
"1084",2022-02-09,NA,NA,NA,NA,NA,NA,4.25366702508175,NA,NA
"1085",2022-02-10,NA,NA,NA,NA,NA,NA,4.58282312450447,NA,NA
"1086",2022-02-11,NA,NA,NA,NA,NA,NA,4.49435155240757,NA,NA
"1087",2022-02-12,NA,NA,NA,NA,NA,NA,4.1134152109375,NA,NA
"1088",2022-02-13,NA,NA,NA,NA,NA,NA,3.56517700224072,NA,NA
"1089",2022-02-14,"2021/22","ARA Werdhlzli",0,3.1609049195,"IBV","gc_per_day_norm",2.97479982846367,2022-02-14,TRUE
"1090",2022-02-15,NA,NA,NA,NA,NA,NA,2.44170128985157,NA,NA
"1091",2022-02-16,NA,NA,NA,NA,NA,NA,1.96231777904477,NA,NA
"1092",2022-02-17,NA,NA,NA,NA,NA,NA,1.50734038678236,NA,NA
"1093",2022-02-18,"2021/22","ARA Werdhlzli",5.1318204115,1.032887233,"IBV","gc_per_day_norm",1.04746020380345,2022-02-18,TRUE
"1094",2022-02-19,NA,NA,NA,NA,NA,NA,0.577615957219046,NA,NA
"1095",2022-02-20,NA,NA,NA,NA,NA,NA,0.189736919627731,NA,NA
"1096",2022-02-21,"2021/22","ARA Werdhlzli",8.4540946515,0,"IBV","gc_per_day_norm",0,2022-02-21,TRUE
"1097",2022-02-22,NA,NA,NA,NA,NA,NA,0.085902719698399,NA,NA
"1098",2022-02-23,NA,NA,NA,NA,NA,NA,0.370225049653702,NA,NA
"1099",2022-02-24,NA,NA,NA,NA,NA,NA,0.737067573188739,NA,NA
"1100",2022-02-25,"2021/22","ARA Werdhlzli",15.700165051,1.0371497715,"IBV","gc_per_day_norm",1.07053087362634,2022-02-25,TRUE
"1101",2022-02-26,NA,NA,NA,NA,NA,NA,1.27764409935067,NA,NA
"1102",2022-02-27,NA,NA,NA,NA,NA,NA,1.35715065899123,NA,NA
"1103",2022-02-28,NA,NA,NA,NA,NA,NA,1.33072252623885,NA,NA
"1104",2022-03-01,NA,NA,NA,NA,NA,NA,1.22003167478437,NA,NA
"1105",2022-03-02,NA,NA,NA,NA,NA,NA,1.04675007831862,NA,NA
"1106",2022-03-03,NA,NA,NA,NA,NA,NA,0.832549710532429,NA,NA
"1107",2022-03-04,NA,NA,NA,NA,NA,NA,0.599102545116639,NA,NA
"1108",2022-03-05,NA,NA,NA,NA,NA,NA,0.368080555762082,NA,NA
"1109",2022-03-06,NA,NA,NA,NA,NA,NA,0.161155716159591,NA,NA
"1110",2022-03-07,"2021/22","ARA Werdhlzli",34.69943168,0,"IBV","gc_per_day_norm",0,2022-03-07,TRUE
"1111",2022-03-08,NA,NA,NA,NA,NA,NA,0,NA,NA
"1112",2022-03-09,NA,NA,NA,NA,NA,NA,0,NA,NA
"1113",2022-03-10,NA,NA,NA,NA,NA,NA,0,NA,NA
"1114",2022-03-11,NA,NA,NA,NA,NA,NA,0,NA,NA
"1115",2022-03-12,NA,NA,NA,NA,NA,NA,0,NA,NA
"1116",2022-03-13,NA,NA,NA,NA,NA,NA,0,NA,NA
"1117",2022-03-14,"2021/22","ARA Werdhlzli",50.08969489,0,"IBV","gc_per_day_norm",0,2022-03-14,TRUE
"1118",2022-03-15,NA,NA,NA,NA,NA,NA,0.0159638106540482,NA,NA
"1119",2022-03-16,NA,NA,NA,NA,NA,NA,0.0165196752964716,NA,NA
"1120",2022-03-17,NA,NA,NA,NA,NA,NA,0.00881570229065916,NA,NA
"1121",2022-03-18,"2021/22","ARA Werdhlzli",23.89268104,0,"IBV","gc_per_day_norm",0,2022-03-18,TRUE
"1122",2022-03-19,NA,NA,NA,NA,NA,NA,0,NA,NA
"1123",2022-03-20,NA,NA,NA,NA,NA,NA,0,NA,NA
"1124",2022-03-21,"2021/22","ARA Werdhlzli",44.310039235,0,"IBV","gc_per_day_norm",0,2022-03-21,TRUE
"1125",2022-03-22,NA,NA,NA,NA,NA,NA,0.00532982599326914,NA,NA
"1126",2022-03-23,NA,NA,NA,NA,NA,NA,0.00928970964262564,NA,NA
"1127",2022-03-24,NA,NA,NA,NA,NA,NA,0.00860473847066932,NA,NA
"1128",2022-03-25,"2021/22","ARA Werdhlzli",30.42683585,0,"IBV","gc_per_day_norm",0,2022-03-25,TRUE
"1129",2022-03-26,NA,NA,NA,NA,NA,NA,0,NA,NA
"1130",2022-03-27,NA,NA,NA,NA,NA,NA,0,NA,NA
"1131",2022-03-28,"2021/22","ARA Werdhlzli",20.277863755,0,"IBV","gc_per_day_norm",0,2022-03-28,TRUE
"1132",2022-03-29,NA,NA,NA,NA,NA,NA,0.0622211088444733,NA,NA
"1133",2022-03-30,NA,NA,NA,NA,NA,NA,0.133737879866434,NA,NA
"1134",2022-03-31,NA,NA,NA,NA,NA,NA,0.174144096466158,NA,NA
"1135",2022-04-01,NA,NA,NA,NA,NA,NA,0.143033542043921,NA,NA
"1136",2022-04-02,"2021/22","ARA Werdhlzli",11.37317262,0,"IBV","gc_per_day_norm",0,2022-04-02,TRUE
"1137",2022-04-03,NA,NA,NA,NA,NA,NA,0,NA,NA
"1138",2022-04-04,NA,NA,NA,NA,NA,NA,0,NA,NA
"1139",2022-04-05,"2021/22","ARA Werdhlzli",45.35095764,0,"IBV","gc_per_day_norm",0,2022-04-05,TRUE
"1140",2022-04-06,NA,NA,NA,NA,NA,NA,0.913699816231944,NA,NA
"1141",2022-04-07,NA,NA,NA,NA,NA,NA,1.92989847943582,NA,NA
"1142",2022-04-08,"2021/22","ARA Werdhlzli",16.8022398425,1.034884401,"IBV","gc_per_day_norm",2.42150887869806,2022-04-08,TRUE
"1143",2022-04-09,NA,NA,NA,NA,NA,NA,1.9659646666718,NA,NA
"1144",2022-04-10,NA,NA,NA,NA,NA,NA,0.958782550276925,NA,NA
"1145",2022-04-11,"2021/22","ARA Werdhlzli",32.47483905,0,"IBV","gc_per_day_norm",0,2022-04-11,TRUE
"1146",2022-04-12,NA,NA,NA,NA,NA,NA,0,NA,NA
"1147",2022-04-13,NA,NA,NA,NA,NA,NA,0,NA,NA
"1148",2022-04-14,NA,NA,NA,NA,NA,NA,0,NA,NA
"1149",2022-04-15,"2021/22","ARA Werdhlzli",17.06510921,0,"IBV","gc_per_day_norm",0,2022-04-15,TRUE
"1150",2022-04-16,NA,NA,NA,NA,NA,NA,0.0881195415937093,NA,NA
"1151",2022-04-17,NA,NA,NA,NA,NA,NA,0.0613947625857811,NA,NA
"1152",2022-04-18,"2021/22","ARA Werdhlzli",23.380738285,0,"IBV","gc_per_day_norm",0,2022-04-18,TRUE
"1153",2022-04-19,NA,NA,NA,NA,NA,NA,0,NA,NA
"1154",2022-04-20,NA,NA,NA,NA,NA,NA,0,NA,NA
"1155",2022-04-21,NA,NA,NA,NA,NA,NA,0,NA,NA
"1156",2022-04-22,"2021/22","ARA Werdhlzli",21.3156867525,0,"IBV","gc_per_day_norm",0,2022-04-22,TRUE
"1157",2022-04-23,NA,NA,NA,NA,NA,NA,0.007222913245386,NA,NA
"1158",2022-04-24,NA,NA,NA,NA,NA,NA,0.0057783305963088,NA,NA
"1159",2022-04-25,"2021/22","ARA Werdhlzli",14.637943524,0,"IBV","gc_per_day_norm",0,2022-04-25,TRUE
