"sample_date","wwtp","measuring_period","measurement_type","mean","min","max","n_measurements"
2021-10-03,"ARA Basel","2021/22","IAV_gc_per_day",0,0,0,1
2021-10-03,"ARA Basel","2021/22","IAV_gc_per_mL_WW",0,0,0,1
2021-10-03,"ARA Basel","2021/22","IBV_gc_per_day",0,0,0,1
2021-10-03,"ARA Basel","2021/22","IBV_gc_per_mL_WW",0,0,0,1
2021-10-10,"ARA Basel","2021/22","IAV_gc_per_day",0,0,0,1
2021-10-10,"ARA Basel","2021/22","IAV_gc_per_mL_WW",0,0,0,1
2021-10-10,"ARA Basel","2021/22","IBV_gc_per_day",0,0,0,1
2021-10-10,"ARA Basel","2021/22","IBV_gc_per_mL_WW",0,0,0,1
2021-10-17,"ARA Basel","2021/22","IAV_gc_per_day",0,0,0,1
2021-10-17,"ARA Basel","2021/22","IAV_gc_per_mL_WW",0,0,0,1
2021-10-17,"ARA Basel","2021/22","IBV_gc_per_day",0,0,0,1
2021-10-17,"ARA Basel","2021/22","IBV_gc_per_mL_WW",0,0,0,1
2021-10-24,"ARA Basel","2021/22","IAV_gc_per_day",0,0,0,1
2021-10-24,"ARA Basel","2021/22","IAV_gc_per_mL_WW",0,0,0,1
2021-10-24,"ARA Basel","2021/22","IBV_gc_per_day",0,0,0,1
2021-10-24,"ARA Basel","2021/22","IBV_gc_per_mL_WW",0,0,0,1
2021-11-01,"ARA Basel","2021/22","IAV_gc_per_day",0,0,0,1
2021-11-01,"ARA Basel","2021/22","IAV_gc_per_mL_WW",0,0,0,1
2021-11-01,"ARA Basel","2021/22","IBV_gc_per_day",0,0,0,1
2021-11-01,"ARA Basel","2021/22","IBV_gc_per_mL_WW",0,0,0,1
2021-11-07,"ARA Basel","2021/22","IAV_gc_per_day",0,0,0,1
2021-11-07,"ARA Basel","2021/22","IAV_gc_per_mL_WW",0,0,0,1
2021-11-07,"ARA Basel","2021/22","IBV_gc_per_day",0,0,0,1
2021-11-07,"ARA Basel","2021/22","IBV_gc_per_mL_WW",0,0,0,1
2021-11-14,"ARA Basel","2021/22","IAV_gc_per_day",0,0,0,1
2021-11-14,"ARA Basel","2021/22","IAV_gc_per_mL_WW",0,0,0,1
2021-11-14,"ARA Basel","2021/22","IBV_gc_per_day",0,0,0,1
2021-11-14,"ARA Basel","2021/22","IBV_gc_per_mL_WW",0,0,0,1
2021-11-21,"ARA Basel","2021/22","IAV_gc_per_day",0,0,0,1
2021-11-21,"ARA Basel","2021/22","IAV_gc_per_mL_WW",0,0,0,1
2021-11-21,"ARA Basel","2021/22","IBV_gc_per_day",0,0,0,1
2021-11-21,"ARA Basel","2021/22","IBV_gc_per_mL_WW",0,0,0,1
2021-11-28,"ARA Basel","2021/22","IAV_gc_per_day",0,0,0,1
2021-11-28,"ARA Basel","2021/22","IAV_gc_per_mL_WW",0,0,0,1
2021-11-28,"ARA Basel","2021/22","IBV_gc_per_day",0,0,0,1
2021-11-28,"ARA Basel","2021/22","IBV_gc_per_mL_WW",0,0,0,1
2021-12-01,"ARA Basel","2021/22","IAV_gc_per_day",407294560000,407294560000,407294560000,1
2021-12-01,"ARA Basel","2021/22","IAV_gc_per_mL_WW",4.88,4.88,4.88,1
2021-12-01,"ARA Basel","2021/22","IBV_gc_per_day",0,0,0,1
2021-12-01,"ARA Basel","2021/22","IBV_gc_per_mL_WW",0,0,0,1
2021-12-05,"ARA Basel","2021/22","IAV_gc_per_day",0,0,0,1
2021-12-05,"ARA Basel","2021/22","IAV_gc_per_mL_WW",0,0,0,1
2021-12-05,"ARA Basel","2021/22","IBV_gc_per_day",0,0,0,1
2021-12-05,"ARA Basel","2021/22","IBV_gc_per_mL_WW",0,0,0,1
2021-12-09,"ARA Basel","2021/22","IAV_gc_per_day",1.282116e+12,1.282116e+12,1.282116e+12,1
2021-12-09,"ARA Basel","2021/22","IAV_gc_per_mL_WW",14.52,14.52,14.52,1
2021-12-09,"ARA Basel","2021/22","IBV_gc_per_day",0,0,0,1
2021-12-09,"ARA Basel","2021/22","IBV_gc_per_mL_WW",0,0,0,1
2021-12-12,"ARA Basel","2021/22","IAV_gc_per_day",0,0,0,1
2021-12-12,"ARA Basel","2021/22","IAV_gc_per_mL_WW",0,0,0,1
2021-12-12,"ARA Basel","2021/22","IBV_gc_per_day",0,0,0,1
2021-12-12,"ARA Basel","2021/22","IBV_gc_per_mL_WW",0,0,0,1
2021-12-14,"ARA Basel","2021/22","IAV_gc_per_day",2859946800000,2859946800000,2859946800000,1
2021-12-14,"ARA Basel","2021/22","IAV_gc_per_mL_WW",49.2,49.2,49.2,1
2021-12-14,"ARA Basel","2021/22","IBV_gc_per_day",0,0,0,1
2021-12-14,"ARA Basel","2021/22","IBV_gc_per_mL_WW",0,0,0,1
2021-12-18,"ARA Basel","2021/22","IAV_gc_per_day",960381520000,960381520000,960381520000,1
2021-12-18,"ARA Basel","2021/22","IAV_gc_per_mL_WW",16.76,16.76,16.76,1
2021-12-18,"ARA Basel","2021/22","IBV_gc_per_day",0,0,0,1
2021-12-18,"ARA Basel","2021/22","IBV_gc_per_mL_WW",0,0,0,1
2021-12-20,"ARA Basel","2021/22","IAV_gc_per_day",1918788560000,1918788560000,1918788560000,1
2021-12-20,"ARA Basel","2021/22","IAV_gc_per_mL_WW",30.68,30.68,30.68,1
2021-12-20,"ARA Basel","2021/22","IBV_gc_per_day",0,0,0,1
2021-12-20,"ARA Basel","2021/22","IBV_gc_per_mL_WW",0,0,0,1
2021-12-26,"ARA Basel","2021/22","IAV_gc_per_day",644127480000,644127480000,644127480000,1
2021-12-26,"ARA Basel","2021/22","IAV_gc_per_mL_WW",5.64,5.64,5.64,1
2021-12-26,"ARA Basel","2021/22","IBV_gc_per_day",0,0,0,1
2021-12-26,"ARA Basel","2021/22","IBV_gc_per_mL_WW",0,0,0,1
2021-12-29,"ARA Basel","2021/22","IAV_gc_per_day",416433360000,416433360000,416433360000,1
2021-12-29,"ARA Basel","2021/22","IAV_gc_per_mL_WW",4.08,4.08,4.08,1
2021-12-29,"ARA Basel","2021/22","IBV_gc_per_day",0,0,0,1
2021-12-29,"ARA Basel","2021/22","IBV_gc_per_mL_WW",0,0,0,1
2022-01-02,"ARA Basel","2021/22","IAV_gc_per_day",0,0,0,1
2022-01-02,"ARA Basel","2021/22","IAV_gc_per_mL_WW",0,0,0,1
2022-01-02,"ARA Basel","2021/22","IBV_gc_per_day",0,0,0,1
2022-01-02,"ARA Basel","2021/22","IBV_gc_per_mL_WW",0,0,0,1
2022-01-04,"ARA Basel","2021/22","IAV_gc_per_day",908315920000,908315920000,908315920000,1
2022-01-04,"ARA Basel","2021/22","IAV_gc_per_mL_WW",11.92,11.92,11.92,1
2022-01-04,"ARA Basel","2021/22","IBV_gc_per_day",0,0,0,1
2022-01-04,"ARA Basel","2021/22","IBV_gc_per_mL_WW",0,0,0,1
2022-01-06,"ARA Basel","2021/22","IAV_gc_per_day",543195520000,543195520000,543195520000,1
2022-01-06,"ARA Basel","2021/22","IAV_gc_per_mL_WW",8.12,8.12,8.12,1
2022-01-06,"ARA Basel","2021/22","IBV_gc_per_day",0,0,0,1
2022-01-06,"ARA Basel","2021/22","IBV_gc_per_mL_WW",0,0,0,1
2022-01-08,"ARA Basel","2021/22","IAV_gc_per_day",549858400000,549858400000,549858400000,1
2022-01-08,"ARA Basel","2021/22","IAV_gc_per_mL_WW",8.3,8.3,8.3,1
2022-01-08,"ARA Basel","2021/22","IBV_gc_per_day",0,0,0,1
2022-01-08,"ARA Basel","2021/22","IBV_gc_per_mL_WW",0,0,0,1
2022-01-10,"ARA Basel","2021/22","IAV_gc_per_day",2319898560000,2319898560000,2319898560000,1
2022-01-10,"ARA Basel","2021/22","IAV_gc_per_mL_WW",31.04,31.04,31.04,1
2022-01-10,"ARA Basel","2021/22","IBV_gc_per_day",0,0,0,1
2022-01-10,"ARA Basel","2021/22","IBV_gc_per_mL_WW",0,0,0,1
2022-01-12,"ARA Basel","2021/22","IAV_gc_per_day",812410560000,812410560000,812410560000,1
2022-01-12,"ARA Basel","2021/22","IAV_gc_per_mL_WW",12.48,12.48,12.48,1
2022-01-12,"ARA Basel","2021/22","IBV_gc_per_day",0,0,0,1
2022-01-12,"ARA Basel","2021/22","IBV_gc_per_mL_WW",0,0,0,1
2022-01-14,"ARA Basel","2021/22","IAV_gc_per_day",331826880000,331826880000,331826880000,1
2022-01-14,"ARA Basel","2021/22","IAV_gc_per_mL_WW",5.28,5.28,5.28,1
2022-01-14,"ARA Basel","2021/22","IBV_gc_per_day",0,0,0,1
2022-01-14,"ARA Basel","2021/22","IBV_gc_per_mL_WW",0,0,0,1
2022-01-16,"ARA Basel","2021/22","IAV_gc_per_day",617259960000,617259960000,617259960000,1
2022-01-16,"ARA Basel","2021/22","IAV_gc_per_mL_WW",10.42,10.42,10.42,1
2022-01-16,"ARA Basel","2021/22","IBV_gc_per_day",0,0,0,1
2022-01-16,"ARA Basel","2021/22","IBV_gc_per_mL_WW",0,0,0,1
2022-01-18,"ARA Basel","2021/22","IAV_gc_per_day",0,0,0,1
2022-01-18,"ARA Basel","2021/22","IAV_gc_per_mL_WW",0,0,0,1
2022-01-18,"ARA Basel","2021/22","IBV_gc_per_day",0,0,0,1
2022-01-18,"ARA Basel","2021/22","IBV_gc_per_mL_WW",0,0,0,1
2022-01-20,"ARA Basel","2021/22","IAV_gc_per_day",714498120000,714498120000,714498120000,1
2022-01-20,"ARA Basel","2021/22","IAV_gc_per_mL_WW",13.32,13.32,13.32,1
2022-01-20,"ARA Basel","2021/22","IBV_gc_per_day",0,0,0,1
2022-01-20,"ARA Basel","2021/22","IBV_gc_per_mL_WW",0,0,0,1
2022-01-23,"ARA Basel","2021/22","IAV_gc_per_day",583041760000,583041760000,583041760000,1
2022-01-23,"ARA Basel","2021/22","IAV_gc_per_mL_WW",10.16,10.16,10.16,1
2022-01-23,"ARA Basel","2021/22","IBV_gc_per_day",0,0,0,1
2022-01-23,"ARA Basel","2021/22","IBV_gc_per_mL_WW",0,0,0,1
2022-01-25,"ARA Basel","2021/22","IAV_gc_per_day",0,0,0,1
2022-01-25,"ARA Basel","2021/22","IAV_gc_per_mL_WW",0,0,0,1
2022-01-25,"ARA Basel","2021/22","IBV_gc_per_day",0,0,0,1
2022-01-25,"ARA Basel","2021/22","IBV_gc_per_mL_WW",0,0,0,1
2022-01-30,"ARA Basel","2021/22","IAV_gc_per_day",0,0,0,1
2022-01-30,"ARA Basel","2021/22","IAV_gc_per_mL_WW",0,0,0,1
2022-01-30,"ARA Basel","2021/22","IBV_gc_per_day",0,0,0,1
2022-01-30,"ARA Basel","2021/22","IBV_gc_per_mL_WW",0,0,0,1
2022-02-01,"ARA Basel","2021/22","IAV_gc_per_day",511109200000,511109200000,511109200000,1
2022-02-01,"ARA Basel","2021/22","IAV_gc_per_mL_WW",7.12,7.12,7.12,1
2022-02-01,"ARA Basel","2021/22","IBV_gc_per_day",0,0,0,1
2022-02-01,"ARA Basel","2021/22","IBV_gc_per_mL_WW",0,0,0,1
2022-02-03,"ARA Basel","2021/22","IAV_gc_per_day",360947600000,360947600000,360947600000,1
2022-02-03,"ARA Basel","2021/22","IAV_gc_per_mL_WW",5.2,5.2,5.2,1
2022-02-03,"ARA Basel","2021/22","IBV_gc_per_day",0,0,0,1
2022-02-03,"ARA Basel","2021/22","IBV_gc_per_mL_WW",0,0,0,1
2022-02-06,"ARA Basel","2021/22","IAV_gc_per_day",438669760000,438669760000,438669760000,1
2022-02-06,"ARA Basel","2021/22","IAV_gc_per_mL_WW",7.58,7.58,7.58,1
2022-02-06,"ARA Basel","2021/22","IBV_gc_per_day",0,0,0,1
2022-02-06,"ARA Basel","2021/22","IBV_gc_per_mL_WW",0,0,0,1
2022-02-09,"ARA Basel","2021/22","IAV_gc_per_day",800788240000,800788240000,800788240000,1
2022-02-09,"ARA Basel","2021/22","IAV_gc_per_mL_WW",12.88,12.88,12.88,1
2022-02-09,"ARA Basel","2021/22","IBV_gc_per_day",0,0,0,1
2022-02-09,"ARA Basel","2021/22","IBV_gc_per_mL_WW",0,0,0,1
2022-02-11,"ARA Basel","2021/22","IAV_gc_per_day",1399614080000,1399614080000,1399614080000,1
2022-02-11,"ARA Basel","2021/22","IAV_gc_per_mL_WW",10.88,10.88,10.88,1
2022-02-11,"ARA Basel","2021/22","IBV_gc_per_day",0,0,0,1
2022-02-11,"ARA Basel","2021/22","IBV_gc_per_mL_WW",0,0,0,1
2022-02-13,"ARA Basel","2021/22","IAV_gc_per_day",225880920000,225880920000,225880920000,1
2022-02-13,"ARA Basel","2021/22","IAV_gc_per_mL_WW",3.98,3.98,3.98,1
2022-02-13,"ARA Basel","2021/22","IBV_gc_per_day",0,0,0,1
2022-02-13,"ARA Basel","2021/22","IBV_gc_per_mL_WW",0,0,0,1
2022-02-16,"ARA Basel","2021/22","IAV_gc_per_day",959058120000,959058120000,959058120000,1
2022-02-16,"ARA Basel","2021/22","IAV_gc_per_mL_WW",13.56,13.56,13.56,1
2022-02-16,"ARA Basel","2021/22","IBV_gc_per_day",0,0,0,1
2022-02-16,"ARA Basel","2021/22","IBV_gc_per_mL_WW",0,0,0,1
2022-02-17,"ARA Basel","2021/22","IAV_gc_per_day",1241224320000,1241224320000,1241224320000,1
2022-02-17,"ARA Basel","2021/22","IAV_gc_per_mL_WW",13.44,13.44,13.44,1
2022-02-17,"ARA Basel","2021/22","IBV_gc_per_day",0,0,0,1
2022-02-17,"ARA Basel","2021/22","IBV_gc_per_mL_WW",0,0,0,1
2022-02-18,"ARA Basel","2021/22","IAV_gc_per_day",4.414384e+12,4.414384e+12,4.414384e+12,1
2022-02-18,"ARA Basel","2021/22","IAV_gc_per_mL_WW",60.8,60.8,60.8,1
2022-02-18,"ARA Basel","2021/22","IBV_gc_per_day",0,0,0,1
2022-02-18,"ARA Basel","2021/22","IBV_gc_per_mL_WW",0,0,0,1
2022-02-20,"ARA Basel","2021/22","IAV_gc_per_day",276455840000,276455840000,276455840000,1
2022-02-20,"ARA Basel","2021/22","IAV_gc_per_mL_WW",4.64,4.64,4.64,1
2022-02-20,"ARA Basel","2021/22","IBV_gc_per_day",0,0,0,1
2022-02-20,"ARA Basel","2021/22","IBV_gc_per_mL_WW",0,0,0,1
2022-02-22,"ARA Basel","2021/22","IAV_gc_per_day",593798400000,593798400000,593798400000,1
2022-02-22,"ARA Basel","2021/22","IAV_gc_per_mL_WW",9.36,9.36,9.36,1
2022-02-22,"ARA Basel","2021/22","IBV_gc_per_day",0,0,0,1
2022-02-22,"ARA Basel","2021/22","IBV_gc_per_mL_WW",0,0,0,1
2022-02-24,"ARA Basel","2021/22","IAV_gc_per_day",1096221120000,1096221120000,1096221120000,1
2022-02-24,"ARA Basel","2021/22","IAV_gc_per_mL_WW",18.44,18.44,18.44,1
2022-02-24,"ARA Basel","2021/22","IBV_gc_per_day",0,0,0,1
2022-02-24,"ARA Basel","2021/22","IBV_gc_per_mL_WW",0,0,0,1
2022-02-26,"ARA Basel","2021/22","IAV_gc_per_day",663058560000,663058560000,663058560000,1
2022-02-26,"ARA Basel","2021/22","IAV_gc_per_mL_WW",9.84,9.84,9.84,1
2022-02-26,"ARA Basel","2021/22","IBV_gc_per_day",0,0,0,1
2022-02-26,"ARA Basel","2021/22","IBV_gc_per_mL_WW",0,0,0,1
2022-02-28,"ARA Basel","2021/22","IAV_gc_per_day",927070080000,927070080000,927070080000,1
2022-02-28,"ARA Basel","2021/22","IAV_gc_per_mL_WW",18.08,18.08,18.08,1
2022-02-28,"ARA Basel","2021/22","IBV_gc_per_day",0,0,0,1
2022-02-28,"ARA Basel","2021/22","IBV_gc_per_mL_WW",0,0,0,1
2022-03-02,"ARA Basel","2021/22","IAV_gc_per_day",1527792100000,1527792100000,1527792100000,1
2022-03-02,"ARA Basel","2021/22","IAV_gc_per_mL_WW",24.02,24.02,24.02,1
2022-03-02,"ARA Basel","2021/22","IBV_gc_per_day",0,0,0,1
2022-03-02,"ARA Basel","2021/22","IBV_gc_per_mL_WW",0,0,0,1
2022-03-06,"ARA Basel","2021/22","IAV_gc_per_day",1300619640000,1300619640000,1300619640000,1
2022-03-06,"ARA Basel","2021/22","IAV_gc_per_mL_WW",23.74,23.74,23.74,1
2022-03-06,"ARA Basel","2021/22","IBV_gc_per_day",0,0,0,1
2022-03-06,"ARA Basel","2021/22","IBV_gc_per_mL_WW",0,0,0,1
2022-03-08,"ARA Basel","2021/22","IAV_gc_per_day",2705368820000,2705368820000,2705368820000,1
2022-03-08,"ARA Basel","2021/22","IAV_gc_per_mL_WW",44.66,44.66,44.66,1
2022-03-08,"ARA Basel","2021/22","IBV_gc_per_day",0,0,0,1
2022-03-08,"ARA Basel","2021/22","IBV_gc_per_mL_WW",0,0,0,1
2022-03-10,"ARA Basel","2021/22","IAV_gc_per_day",3.474166e+12,3.474166e+12,3.474166e+12,1
2022-03-10,"ARA Basel","2021/22","IAV_gc_per_mL_WW",55.6,55.6,55.6,1
2022-03-10,"ARA Basel","2021/22","IBV_gc_per_day",0,0,0,1
2022-03-10,"ARA Basel","2021/22","IBV_gc_per_mL_WW",0,0,0,1
2022-03-13,"ARA Basel","2021/22","IAV_gc_per_day",5.324868e+12,5.324868e+12,5.324868e+12,1
2022-03-13,"ARA Basel","2021/22","IAV_gc_per_mL_WW",92,92,92,1
2022-03-13,"ARA Basel","2021/22","IBV_gc_per_day",0,0,0,1
2022-03-13,"ARA Basel","2021/22","IBV_gc_per_mL_WW",0,0,0,1
2022-03-15,"ARA Basel","2021/22","IAV_gc_per_day",1473266880000,1473266880000,1473266880000,1
2022-03-15,"ARA Basel","2021/22","IAV_gc_per_mL_WW",18.08,18.08,18.08,1
2022-03-15,"ARA Basel","2021/22","IBV_gc_per_day",0,0,0,1
2022-03-15,"ARA Basel","2021/22","IBV_gc_per_mL_WW",0,0,0,1
2022-03-19,"ARA Basel","2021/22","IAV_gc_per_day",2327495680000,2327495680000,2327495680000,1
2022-03-19,"ARA Basel","2021/22","IAV_gc_per_mL_WW",39.92,39.92,39.92,1
2022-03-19,"ARA Basel","2021/22","IBV_gc_per_day",0,0,0,1
2022-03-19,"ARA Basel","2021/22","IBV_gc_per_mL_WW",0,0,0,1
2022-03-23,"ARA Basel","2021/22","IAV_gc_per_day",3377246400000,3377246400000,3377246400000,1
2022-03-23,"ARA Basel","2021/22","IAV_gc_per_mL_WW",52.8,52.8,52.8,1
2022-03-23,"ARA Basel","2021/22","IBV_gc_per_day",0,0,0,1
2022-03-23,"ARA Basel","2021/22","IBV_gc_per_mL_WW",0,0,0,1
2022-03-27,"ARA Basel","2021/22","IAV_gc_per_day",1782037440000,1782037440000,1782037440000,1
2022-03-27,"ARA Basel","2021/22","IAV_gc_per_mL_WW",31.04,31.04,31.04,1
2022-03-27,"ARA Basel","2021/22","IBV_gc_per_day",0,0,0,1
2022-03-27,"ARA Basel","2021/22","IBV_gc_per_mL_WW",0,0,0,1
2022-04-05,"ARA Basel","2021/22","IAV_gc_per_day",2214746240000,2214746240000,2214746240000,1
2022-04-05,"ARA Basel","2021/22","IAV_gc_per_mL_WW",32.48,32.48,32.48,1
2022-04-05,"ARA Basel","2021/22","IBV_gc_per_day",0,0,0,1
2022-04-05,"ARA Basel","2021/22","IBV_gc_per_mL_WW",0,0,0,1
2022-04-10,"ARA Basel","2021/22","IAV_gc_per_day",1120504320000,1120504320000,1120504320000,1
2022-04-10,"ARA Basel","2021/22","IAV_gc_per_mL_WW",16.64,16.64,16.64,1
2022-04-10,"ARA Basel","2021/22","IBV_gc_per_day",0,0,0,1
2022-04-10,"ARA Basel","2021/22","IBV_gc_per_mL_WW",0,0,0,1
2022-04-12,"ARA Basel","2021/22","IAV_gc_per_day",6.063708e+12,6.063708e+12,6.063708e+12,1
2022-04-12,"ARA Basel","2021/22","IAV_gc_per_mL_WW",88.8,88.8,88.8,1
2022-04-12,"ARA Basel","2021/22","IBV_gc_per_day",0,0,0,1
2022-04-12,"ARA Basel","2021/22","IBV_gc_per_mL_WW",0,0,0,1
2022-04-17,"ARA Basel","2021/22","IAV_gc_per_day",803031200000,803031200000,803031200000,1
2022-04-17,"ARA Basel","2021/22","IAV_gc_per_mL_WW",15.2,15.2,15.2,1
2022-04-17,"ARA Basel","2021/22","IBV_gc_per_day",0,0,0,1
2022-04-17,"ARA Basel","2021/22","IBV_gc_per_mL_WW",0,0,0,1
2022-04-19,"ARA Basel","2021/22","IAV_gc_per_day",2078374400000,2078374400000,2078374400000,1
2022-04-19,"ARA Basel","2021/22","IAV_gc_per_mL_WW",32.72,32.72,32.72,1
2022-04-19,"ARA Basel","2021/22","IBV_gc_per_day",0,0,0,1
2022-04-19,"ARA Basel","2021/22","IBV_gc_per_mL_WW",0,0,0,1
2022-04-21,"ARA Basel","2021/22","IAV_gc_per_day",1266569920000,1266569920000,1266569920000,1
2022-04-21,"ARA Basel","2021/22","IAV_gc_per_mL_WW",19.36,19.36,19.36,1
2022-04-21,"ARA Basel","2021/22","IBV_gc_per_day",0,0,0,1
2022-04-21,"ARA Basel","2021/22","IBV_gc_per_mL_WW",0,0,0,1
2022-04-24,"ARA Basel","2021/22","IAV_gc_per_day",0,0,0,1
2022-04-24,"ARA Basel","2021/22","IAV_gc_per_mL_WW",0,0,0,1
2022-04-24,"ARA Basel","2021/22","IBV_gc_per_day",656158040000,656158040000,656158040000,1
2022-04-24,"ARA Basel","2021/22","IBV_gc_per_mL_WW",5.24,5.24,5.24,1
2022-04-28,"ARA Basel","2021/22","IAV_gc_per_day",272138400000,272138400000,272138400000,1
2022-04-28,"ARA Basel","2021/22","IAV_gc_per_mL_WW",5.16,5.16,5.16,1
2022-04-28,"ARA Basel","2021/22","IBV_gc_per_day",0,0,0,1
2022-04-28,"ARA Basel","2021/22","IBV_gc_per_mL_WW",0,0,0,1
2022-06-01,"ARA Basel","2021/22","IAV_gc_per_day",0,0,0,1
2022-06-01,"ARA Basel","2021/22","IAV_gc_per_mL_WW",0,0,0,1
2022-06-01,"ARA Basel","2021/22","IBV_gc_per_day",0,0,0,1
2022-06-01,"ARA Basel","2021/22","IBV_gc_per_mL_WW",0,0,0,1
2022-06-05,"ARA Basel","2021/22","IAV_gc_per_day",0,0,0,1
2022-06-05,"ARA Basel","2021/22","IAV_gc_per_mL_WW",0,0,0,1
2022-06-05,"ARA Basel","2021/22","IBV_gc_per_day",0,0,0,1
2022-06-05,"ARA Basel","2021/22","IBV_gc_per_mL_WW",0,0,0,1
2022-08-02,"ARA Basel","2022/23","IAV_gc_per_day",0,0,0,1
2022-08-02,"ARA Basel","2022/23","IAV_gc_per_mL_WW",0,0,0,1
2022-08-02,"ARA Basel","2022/23","IBV_gc_per_day",0,0,0,1
2022-08-02,"ARA Basel","2022/23","IBV_gc_per_mL_WW",0,0,0,1
2022-08-07,"ARA Basel","2022/23","IAV_gc_per_day",0,0,0,1
2022-08-07,"ARA Basel","2022/23","IAV_gc_per_mL_WW",0,0,0,1
2022-08-07,"ARA Basel","2022/23","IBV_gc_per_day",0,0,0,1
2022-08-07,"ARA Basel","2022/23","IBV_gc_per_mL_WW",0,0,0,1
2022-08-12,"ARA Basel","2022/23","IAV_gc_per_day",0,0,0,1
2022-08-12,"ARA Basel","2022/23","IAV_gc_per_mL_WW",0,0,0,1
2022-08-12,"ARA Basel","2022/23","IBV_gc_per_day",0,0,0,1
2022-08-12,"ARA Basel","2022/23","IBV_gc_per_mL_WW",0,0,0,1
2022-08-18,"ARA Basel","2022/23","IAV_gc_per_day",7.47024e+11,7.47024e+11,7.47024e+11,1
2022-08-18,"ARA Basel","2022/23","IAV_gc_per_mL_WW",6,6,6,1
2022-08-18,"ARA Basel","2022/23","IBV_gc_per_day",0,0,0,1
2022-08-18,"ARA Basel","2022/23","IBV_gc_per_mL_WW",0,0,0,1
2022-08-23,"ARA Basel","2022/23","IAV_gc_per_day",0,0,0,1
2022-08-23,"ARA Basel","2022/23","IAV_gc_per_mL_WW",0,0,0,1
2022-08-23,"ARA Basel","2022/23","IBV_gc_per_day",0,0,0,1
2022-08-23,"ARA Basel","2022/23","IBV_gc_per_mL_WW",0,0,0,1
2022-08-28,"ARA Basel","2022/23","IAV_gc_per_day",0,0,0,1
2022-08-28,"ARA Basel","2022/23","IAV_gc_per_mL_WW",0,0,0,1
2022-08-28,"ARA Basel","2022/23","IBV_gc_per_day",0,0,0,1
2022-08-28,"ARA Basel","2022/23","IBV_gc_per_mL_WW",0,0,0,1
2022-09-01,"ARA Basel","2022/23","IAV_gc_per_day",140841680000,140841680000,140841680000,1
2022-09-01,"ARA Basel","2022/23","IAV_gc_per_mL_WW",2.48,2.48,2.48,1
2022-09-01,"ARA Basel","2022/23","IBV_gc_per_day",0,0,0,1
2022-09-01,"ARA Basel","2022/23","IBV_gc_per_mL_WW",0,0,0,1
2022-09-04,"ARA Basel","2022/23","IAV_gc_per_day",116158024000,116158024000,116158024000,1
2022-09-04,"ARA Basel","2022/23","IAV_gc_per_mL_WW",1.784,1.784,1.784,1
2022-09-04,"ARA Basel","2022/23","IBV_gc_per_day",0,0,0,1
2022-09-04,"ARA Basel","2022/23","IBV_gc_per_mL_WW",0,0,0,1
2022-09-06,"ARA Basel","2022/23","IAV_gc_per_day",257490952000,257490952000,257490952000,1
2022-09-06,"ARA Basel","2022/23","IAV_gc_per_mL_WW",3.932,3.932,3.932,1
2022-09-06,"ARA Basel","2022/23","IBV_gc_per_day",0,0,0,1
2022-09-06,"ARA Basel","2022/23","IBV_gc_per_mL_WW",0,0,0,1
2022-09-08,"ARA Basel","2022/23","IAV_gc_per_day",0,0,0,1
2022-09-08,"ARA Basel","2022/23","IAV_gc_per_mL_WW",0,0,0,1
2022-09-08,"ARA Basel","2022/23","IBV_gc_per_day",0,0,0,1
2022-09-08,"ARA Basel","2022/23","IBV_gc_per_mL_WW",0,0,0,1
2022-09-11,"ARA Basel","2022/23","IAV_gc_per_day",0,0,0,1
2022-09-11,"ARA Basel","2022/23","IAV_gc_per_mL_WW",0,0,0,1
2022-09-11,"ARA Basel","2022/23","IBV_gc_per_day",0,0,0,1
2022-09-11,"ARA Basel","2022/23","IBV_gc_per_mL_WW",0,0,0,1
2022-09-13,"ARA Basel","2022/23","IAV_gc_per_day",0,0,0,1
2022-09-13,"ARA Basel","2022/23","IAV_gc_per_mL_WW",0,0,0,1
2022-09-13,"ARA Basel","2022/23","IBV_gc_per_day",0,0,0,1
2022-09-13,"ARA Basel","2022/23","IBV_gc_per_mL_WW",0,0,0,1
2022-09-15,"ARA Basel","2022/23","IAV_gc_per_day",132899866000,132899866000,132899866000,1
2022-09-15,"ARA Basel","2022/23","IAV_gc_per_mL_WW",1.682,1.682,1.682,1
2022-09-15,"ARA Basel","2022/23","IBV_gc_per_day",0,0,0,1
2022-09-15,"ARA Basel","2022/23","IBV_gc_per_mL_WW",0,0,0,1
2022-09-18,"ARA Basel","2022/23","IAV_gc_per_day",126829780000,126829780000,126829780000,1
2022-09-18,"ARA Basel","2022/23","IAV_gc_per_mL_WW",2.42,2.42,2.42,1
2022-09-18,"ARA Basel","2022/23","IBV_gc_per_day",0,0,0,1
2022-09-18,"ARA Basel","2022/23","IBV_gc_per_mL_WW",0,0,0,1
2022-09-20,"ARA Basel","2022/23","IAV_gc_per_day",693400800000,693400800000,693400800000,1
2022-09-20,"ARA Basel","2022/23","IAV_gc_per_mL_WW",11.4666666666667,11.4666666666667,11.4666666666667,1
2022-09-20,"ARA Basel","2022/23","IBV_gc_per_day",0,0,0,1
2022-09-20,"ARA Basel","2022/23","IBV_gc_per_mL_WW",0,0,0,1
2022-09-22,"ARA Basel","2022/23","IAV_gc_per_day",0,0,0,1
2022-09-22,"ARA Basel","2022/23","IAV_gc_per_mL_WW",0,0,0,1
2022-09-22,"ARA Basel","2022/23","IBV_gc_per_day",0,0,0,1
2022-09-22,"ARA Basel","2022/23","IBV_gc_per_mL_WW",0,0,0,1
2022-09-25,"ARA Basel","2022/23","IAV_gc_per_day",154278600000,154278600000,154278600000,1
2022-09-25,"ARA Basel","2022/23","IAV_gc_per_mL_WW",2.18,2.18,2.18,1
2022-09-25,"ARA Basel","2022/23","IBV_gc_per_day",8.6946e+11,8.6946e+11,8.6946e+11,1
2022-09-25,"ARA Basel","2022/23","IBV_gc_per_mL_WW",12.2857142857143,12.2857142857143,12.2857142857143,1
2022-09-27,"ARA Basel","2022/23","IAV_gc_per_day",1.277801e+12,1.277801e+12,1.277801e+12,1
2022-09-27,"ARA Basel","2022/23","IAV_gc_per_mL_WW",11.08,11.08,11.08,1
2022-09-27,"ARA Basel","2022/23","IBV_gc_per_day",0,0,0,1
2022-09-27,"ARA Basel","2022/23","IBV_gc_per_mL_WW",0,0,0,1
2022-09-30,"ARA Basel","2022/23","IAV_gc_per_day",0,0,0,1
2022-09-30,"ARA Basel","2022/23","IAV_gc_per_mL_WW",0,0,0,1
2022-09-30,"ARA Basel","2022/23","IBV_gc_per_day",0,0,0,1
2022-09-30,"ARA Basel","2022/23","IBV_gc_per_mL_WW",0,0,0,1
2022-10-02,"ARA Basel","2022/23","IAV_gc_per_day",0,0,0,1
2022-10-02,"ARA Basel","2022/23","IAV_gc_per_mL_WW",0,0,0,1
2022-10-02,"ARA Basel","2022/23","IBV_gc_per_day",0,0,0,1
2022-10-02,"ARA Basel","2022/23","IBV_gc_per_mL_WW",0,0,0,1
2022-10-04,"ARA Basel","2022/23","IAV_gc_per_day",0,0,0,1
2022-10-04,"ARA Basel","2022/23","IAV_gc_per_mL_WW",0,0,0,1
2022-10-04,"ARA Basel","2022/23","IBV_gc_per_day",0,0,0,1
2022-10-04,"ARA Basel","2022/23","IBV_gc_per_mL_WW",0,0,0,1
2022-10-06,"ARA Basel","2022/23","IAV_gc_per_day",1412303520000,1412303520000,1412303520000,1
2022-10-06,"ARA Basel","2022/23","IAV_gc_per_mL_WW",22.76,22.76,22.76,1
2022-10-06,"ARA Basel","2022/23","IBV_gc_per_day",0,0,0,1
2022-10-06,"ARA Basel","2022/23","IBV_gc_per_mL_WW",0,0,0,1
2022-10-09,"ARA Basel","2022/23","IAV_gc_per_day",0,0,0,1
2022-10-09,"ARA Basel","2022/23","IAV_gc_per_mL_WW",0,0,0,1
2022-10-09,"ARA Basel","2022/23","IBV_gc_per_day",0,0,0,1
2022-10-09,"ARA Basel","2022/23","IBV_gc_per_mL_WW",0,0,0,1
2022-10-11,"ARA Basel","2022/23","IAV_gc_per_day",0,0,0,1
2022-10-11,"ARA Basel","2022/23","IAV_gc_per_mL_WW",0,0,0,1
2022-10-11,"ARA Basel","2022/23","IBV_gc_per_day",0,0,0,1
2022-10-11,"ARA Basel","2022/23","IBV_gc_per_mL_WW",0,0,0,1
2022-10-13,"ARA Basel","2022/23","IAV_gc_per_day",358031400000,358031400000,358031400000,1
2022-10-13,"ARA Basel","2022/23","IAV_gc_per_mL_WW",6.2,6.2,6.2,1
2022-10-13,"ARA Basel","2022/23","IBV_gc_per_day",0,0,0,1
2022-10-13,"ARA Basel","2022/23","IBV_gc_per_mL_WW",0,0,0,1
2022-10-16,"ARA Basel","2022/23","IAV_gc_per_day",166793424000,166793424000,166793424000,1
2022-10-16,"ARA Basel","2022/23","IAV_gc_per_mL_WW",3.056,3.056,3.056,1
2022-10-16,"ARA Basel","2022/23","IBV_gc_per_day",0,0,0,1
2022-10-16,"ARA Basel","2022/23","IBV_gc_per_mL_WW",0,0,0,1
2022-10-18,"ARA Basel","2022/23","IAV_gc_per_day",6.52698e+11,6.52698e+11,6.52698e+11,1
2022-10-18,"ARA Basel","2022/23","IAV_gc_per_mL_WW",10.8,10.8,10.8,1
2022-10-18,"ARA Basel","2022/23","IBV_gc_per_day",0,0,0,1
2022-10-18,"ARA Basel","2022/23","IBV_gc_per_mL_WW",0,0,0,1
2022-10-20,"ARA Basel","2022/23","IAV_gc_per_day",0,0,0,1
2022-10-20,"ARA Basel","2022/23","IAV_gc_per_mL_WW",0,0,0,1
2022-10-20,"ARA Basel","2022/23","IBV_gc_per_day",0,0,0,1
2022-10-20,"ARA Basel","2022/23","IBV_gc_per_mL_WW",0,0,0,1
2022-10-23,"ARA Basel","2022/23","IAV_gc_per_day",960194400000,960194400000,960194400000,1
2022-10-23,"ARA Basel","2022/23","IAV_gc_per_mL_WW",16.28,16.28,16.28,1
2022-10-23,"ARA Basel","2022/23","IBV_gc_per_day",0,0,0,1
2022-10-23,"ARA Basel","2022/23","IBV_gc_per_mL_WW",0,0,0,1
2022-10-25,"ARA Basel","2022/23","IAV_gc_per_day",2439127600000,2439127600000,2439127600000,1
2022-10-25,"ARA Basel","2022/23","IAV_gc_per_mL_WW",31.64,31.64,31.64,1
2022-10-25,"ARA Basel","2022/23","IBV_gc_per_day",0,0,0,1
2022-10-25,"ARA Basel","2022/23","IBV_gc_per_mL_WW",0,0,0,1
2022-10-27,"ARA Basel","2022/23","IAV_gc_per_day",980772320000,980772320000,980772320000,1
2022-10-27,"ARA Basel","2022/23","IAV_gc_per_mL_WW",16.28,16.28,16.28,1
2022-10-27,"ARA Basel","2022/23","IBV_gc_per_day",0,0,0,1
2022-10-27,"ARA Basel","2022/23","IBV_gc_per_mL_WW",0,0,0,1
2022-10-30,"ARA Basel","2022/23","IAV_gc_per_day",891798720000,891798720000,891798720000,1
2022-10-30,"ARA Basel","2022/23","IAV_gc_per_mL_WW",16.48,16.48,16.48,1
2022-10-30,"ARA Basel","2022/23","IBV_gc_per_day",0,0,0,1
2022-10-30,"ARA Basel","2022/23","IBV_gc_per_mL_WW",0,0,0,1
2022-11-01,"ARA Basel","2022/23","IAV_gc_per_day",1284927520000,1284927520000,1284927520000,1
2022-11-01,"ARA Basel","2022/23","IAV_gc_per_mL_WW",18.08,18.08,18.08,1
2022-11-01,"ARA Basel","2022/23","IBV_gc_per_day",0,0,0,1
2022-11-01,"ARA Basel","2022/23","IBV_gc_per_mL_WW",0,0,0,1
2022-11-03,"ARA Basel","2022/23","IAV_gc_per_day",892089880000,892089880000,892089880000,1
2022-11-03,"ARA Basel","2022/23","IAV_gc_per_mL_WW",12.76,12.76,12.76,1
2022-11-03,"ARA Basel","2022/23","IBV_gc_per_day",0,0,0,1
2022-11-03,"ARA Basel","2022/23","IBV_gc_per_mL_WW",0,0,0,1
2022-11-06,"ARA Basel","2022/23","IAV_gc_per_day",1345219680000,1345219680000,1345219680000,1
2022-11-06,"ARA Basel","2022/23","IAV_gc_per_mL_WW",23.84,23.84,23.84,1
2022-11-06,"ARA Basel","2022/23","IBV_gc_per_day",652296120000,652296120000,652296120000,1
2022-11-06,"ARA Basel","2022/23","IBV_gc_per_mL_WW",11.56,11.56,11.56,1
2022-11-08,"ARA Basel","2022/23","IAV_gc_per_day",1754090120000,1754090120000,1754090120000,1
2022-11-08,"ARA Basel","2022/23","IAV_gc_per_mL_WW",30.28,30.28,30.28,1
2022-11-08,"ARA Basel","2022/23","IBV_gc_per_day",0,0,0,1
2022-11-08,"ARA Basel","2022/23","IBV_gc_per_mL_WW",0,0,0,1
2022-11-10,"ARA Basel","2022/23","IAV_gc_per_day",1.049132e+12,1.049132e+12,1.049132e+12,1
2022-11-10,"ARA Basel","2022/23","IAV_gc_per_mL_WW",14,14,14,1
2022-11-10,"ARA Basel","2022/23","IBV_gc_per_day",0,0,0,1
2022-11-10,"ARA Basel","2022/23","IBV_gc_per_mL_WW",0,0,0,1
2022-11-13,"ARA Basel","2022/23","IAV_gc_per_day",1334124120000,1334124120000,1334124120000,1
2022-11-13,"ARA Basel","2022/23","IAV_gc_per_mL_WW",24.36,24.36,24.36,1
2022-11-13,"ARA Basel","2022/23","IBV_gc_per_day",0,0,0,1
2022-11-13,"ARA Basel","2022/23","IBV_gc_per_mL_WW",0,0,0,1
2022-11-15,"ARA Basel","2022/23","IAV_gc_per_day",1.4909628e+13,1.4909628e+13,1.4909628e+13,1
2022-11-15,"ARA Basel","2022/23","IAV_gc_per_mL_WW",203.6,203.6,203.6,1
2022-11-15,"ARA Basel","2022/23","IBV_gc_per_day",1.772166e+12,1.772166e+12,1.772166e+12,1
2022-11-15,"ARA Basel","2022/23","IBV_gc_per_mL_WW",24.2,24.2,24.2,1
2022-11-17,"ARA Basel","2022/23","IAV_gc_per_day",3259665720000,3259665720000,3259665720000,1
2022-11-17,"ARA Basel","2022/23","IAV_gc_per_mL_WW",37.08,37.08,37.08,1
2022-11-17,"ARA Basel","2022/23","IBV_gc_per_day",1828507200000,1828507200000,1828507200000,1
2022-11-17,"ARA Basel","2022/23","IBV_gc_per_mL_WW",20.8,20.8,20.8,1
2022-11-20,"ARA Basel","2022/23","IAV_gc_per_day",1183446520000,1183446520000,1183446520000,1
2022-11-20,"ARA Basel","2022/23","IAV_gc_per_mL_WW",18.52,18.52,18.52,1
2022-11-20,"ARA Basel","2022/23","IBV_gc_per_day",1301024360000,1301024360000,1301024360000,1
2022-11-20,"ARA Basel","2022/23","IBV_gc_per_mL_WW",20.36,20.36,20.36,1
2022-11-22,"ARA Basel","2022/23","IAV_gc_per_day",1.3250062e+13,1.3250062e+13,1.3250062e+13,1
2022-11-22,"ARA Basel","2022/23","IAV_gc_per_mL_WW",184.4,184.4,184.4,1
2022-11-22,"ARA Basel","2022/23","IBV_gc_per_day",6.32324e+12,6.32324e+12,6.32324e+12,1
2022-11-22,"ARA Basel","2022/23","IBV_gc_per_mL_WW",88,88,88,1
2022-11-24,"ARA Basel","2022/23","IAV_gc_per_day",13843459200000,13843459200000,13843459200000,1
2022-11-24,"ARA Basel","2022/23","IAV_gc_per_mL_WW",148.8,148.8,148.8,1
2022-11-24,"ARA Basel","2022/23","IBV_gc_per_day",0,0,0,1
2022-11-24,"ARA Basel","2022/23","IBV_gc_per_mL_WW",0,0,0,1
2022-11-27,"ARA Basel","2022/23","IAV_gc_per_day",5655188400000,5655188400000,5655188400000,1
2022-11-27,"ARA Basel","2022/23","IAV_gc_per_mL_WW",99.6,99.6,99.6,1
2022-11-27,"ARA Basel","2022/23","IBV_gc_per_day",0,0,0,1
2022-11-27,"ARA Basel","2022/23","IBV_gc_per_mL_WW",0,0,0,1
2022-11-29,"ARA Basel","2022/23","IAV_gc_per_day",1.0823652e+13,1.0823652e+13,1.0823652e+13,1
2022-11-29,"ARA Basel","2022/23","IAV_gc_per_mL_WW",206,206,206,1
2022-11-29,"ARA Basel","2022/23","IBV_gc_per_day",4056242400000,4056242400000,4056242400000,1
2022-11-29,"ARA Basel","2022/23","IBV_gc_per_mL_WW",77.2,77.2,77.2,1
2022-12-01,"ARA Basel","2022/23","IAV_gc_per_day",13071564800000,13071564800000,13071564800000,1
2022-12-01,"ARA Basel","2022/23","IAV_gc_per_mL_WW",263.2,263.2,263.2,1
2022-12-01,"ARA Basel","2022/23","IBV_gc_per_day",3834060800000,3834060800000,3834060800000,1
2022-12-01,"ARA Basel","2022/23","IBV_gc_per_mL_WW",77.2,77.2,77.2,1
2022-12-04,"ARA Basel","2022/23","IAV_gc_per_day",13962540800000,13962540800000,13962540800000,1
2022-12-04,"ARA Basel","2022/23","IAV_gc_per_mL_WW",237.2,237.2,237.2,1
2022-12-04,"ARA Basel","2022/23","IBV_gc_per_day",0,0,0,1
2022-12-04,"ARA Basel","2022/23","IBV_gc_per_mL_WW",0,0,0,1
2022-12-06,"ARA Basel","2022/23","IAV_gc_per_day",1298681440000,1298681440000,1298681440000,1
2022-12-06,"ARA Basel","2022/23","IAV_gc_per_mL_WW",26.32,26.32,26.32,1
2022-12-06,"ARA Basel","2022/23","IBV_gc_per_day",0,0,0,1
2022-12-06,"ARA Basel","2022/23","IBV_gc_per_mL_WW",0,0,0,1
2022-12-08,"ARA Basel","2022/23","IAV_gc_per_day",1685152600000,1685152600000,1685152600000,1
2022-12-08,"ARA Basel","2022/23","IAV_gc_per_mL_WW",27.8,27.8,27.8,1
2022-12-08,"ARA Basel","2022/23","IBV_gc_per_day",159059008000,159059008000,159059008000,1
2022-12-08,"ARA Basel","2022/23","IBV_gc_per_mL_WW",2.624,2.624,2.624,1
2022-12-11,"ARA Basel","2022/23","IAV_gc_per_day",937792800000,937792800000,937792800000,1
2022-12-11,"ARA Basel","2022/23","IAV_gc_per_mL_WW",25.2,25.2,25.2,1
2022-12-11,"ARA Basel","2022/23","IBV_gc_per_day",205421280000,205421280000,205421280000,1
2022-12-11,"ARA Basel","2022/23","IBV_gc_per_mL_WW",5.52,5.52,5.52,1
2022-12-13,"ARA Basel","2022/23","IAV_gc_per_day",4.58115e+12,4.58115e+12,4.58115e+12,1
2022-12-13,"ARA Basel","2022/23","IAV_gc_per_mL_WW",70,70,70,1
2022-12-13,"ARA Basel","2022/23","IBV_gc_per_day",361256400000,361256400000,361256400000,1
2022-12-13,"ARA Basel","2022/23","IBV_gc_per_mL_WW",5.52,5.52,5.52,1
2022-12-16,"ARA Basel","2022/23","IAV_gc_per_day",2418207040000,2418207040000,2418207040000,1
2022-12-16,"ARA Basel","2022/23","IAV_gc_per_mL_WW",29.36,29.36,29.36,1
2022-12-16,"ARA Basel","2022/23","IBV_gc_per_day",0,0,0,1
2022-12-16,"ARA Basel","2022/23","IBV_gc_per_mL_WW",0,0,0,1
2022-12-18,"ARA Basel","2022/23","IAV_gc_per_day",2032076200000,2032076200000,2032076200000,1
2022-12-18,"ARA Basel","2022/23","IAV_gc_per_mL_WW",35.56,35.56,35.56,1
2022-12-18,"ARA Basel","2022/23","IBV_gc_per_day",151777120000,151777120000,151777120000,1
2022-12-18,"ARA Basel","2022/23","IBV_gc_per_mL_WW",2.656,2.656,2.656,1
2022-12-20,"ARA Basel","2022/23","IAV_gc_per_day",15930070800000,15930070800000,15930070800000,1
2022-12-20,"ARA Basel","2022/23","IAV_gc_per_mL_WW",165.2,165.2,165.2,1
2022-12-20,"ARA Basel","2022/23","IBV_gc_per_day",3186014160000,3186014160000,3186014160000,1
2022-12-20,"ARA Basel","2022/23","IBV_gc_per_mL_WW",33.04,33.04,33.04,1
2022-12-22,"ARA Basel","2022/23","IAV_gc_per_day",8952283200000,8952283200000,8952283200000,1
2022-12-22,"ARA Basel","2022/23","IAV_gc_per_mL_WW",103.6,103.6,103.6,1
2022-12-22,"ARA Basel","2022/23","IBV_gc_per_day",1265071680000,1265071680000,1265071680000,1
2022-12-22,"ARA Basel","2022/23","IBV_gc_per_mL_WW",14.64,14.64,14.64,1
2022-12-25,"ARA Basel","2022/23","IAV_gc_per_day",3074993600000,3074993600000,3074993600000,1
2022-12-25,"ARA Basel","2022/23","IAV_gc_per_mL_WW",58.4,58.4,58.4,1
2022-12-25,"ARA Basel","2022/23","IBV_gc_per_day",528646160000,528646160000,528646160000,1
2022-12-25,"ARA Basel","2022/23","IBV_gc_per_mL_WW",10.04,10.04,10.04,1
2022-12-27,"ARA Basel","2022/23","IAV_gc_per_day",9011640800000,9011640800000,9011640800000,1
2022-12-27,"ARA Basel","2022/23","IAV_gc_per_mL_WW",109.6,109.6,109.6,1
2022-12-27,"ARA Basel","2022/23","IBV_gc_per_day",2325266440000,2325266440000,2325266440000,1
2022-12-27,"ARA Basel","2022/23","IBV_gc_per_mL_WW",28.28,28.28,28.28,1
2022-12-29,"ARA Basel","2022/23","IAV_gc_per_day",4008950400000,4008950400000,4008950400000,1
2022-12-29,"ARA Basel","2022/23","IAV_gc_per_mL_WW",67.2,67.2,67.2,1
2022-12-29,"ARA Basel","2022/23","IBV_gc_per_day",1274273520000,1274273520000,1274273520000,1
2022-12-29,"ARA Basel","2022/23","IBV_gc_per_mL_WW",21.36,21.36,21.36,1
2023-01-01,"ARA Basel","2022/23","IAV_gc_per_day",2901012400000,2901012400000,2901012400000,1
2023-01-01,"ARA Basel","2022/23","IAV_gc_per_mL_WW",57.2,57.2,57.2,1
2023-01-01,"ARA Basel","2022/23","IBV_gc_per_day",1233437440000,1233437440000,1233437440000,1
2023-01-01,"ARA Basel","2022/23","IBV_gc_per_mL_WW",24.32,24.32,24.32,1
2023-01-02,"ARA Basel","2022/23","IAV_gc_per_day",1163112200000,1163112200000,1163112200000,1
2023-01-02,"ARA Basel","2022/23","IAV_gc_per_mL_WW",16.6,16.6,16.6,1
2023-01-02,"ARA Basel","2022/23","IBV_gc_per_day",577352080000,577352080000,577352080000,1
2023-01-02,"ARA Basel","2022/23","IBV_gc_per_mL_WW",8.24,8.24,8.24,1
2023-01-04,"ARA Basel","2022/23","IAV_gc_per_day",1199936640000,1199936640000,1199936640000,1
2023-01-04,"ARA Basel","2022/23","IAV_gc_per_mL_WW",20.72,20.72,20.72,1
2023-01-04,"ARA Basel","2022/23","IBV_gc_per_day",588385920000,588385920000,588385920000,1
2023-01-04,"ARA Basel","2022/23","IBV_gc_per_mL_WW",10.16,10.16,10.16,1
2023-01-08,"ARA Basel","2022/23","IAV_gc_per_day",1602140800000,1602140800000,1602140800000,1
2023-01-08,"ARA Basel","2022/23","IAV_gc_per_mL_WW",15.2,15.2,15.2,1
2023-01-08,"ARA Basel","2022/23","IBV_gc_per_day",1758138720000,1758138720000,1758138720000,1
2023-01-08,"ARA Basel","2022/23","IBV_gc_per_mL_WW",16.68,16.68,16.68,1
2023-01-09,"ARA Basel","2022/23","IAV_gc_per_day",523508200000,523508200000,523508200000,1
2023-01-09,"ARA Basel","2022/23","IAV_gc_per_mL_WW",4.28,4.28,4.28,1
2023-01-09,"ARA Basel","2022/23","IBV_gc_per_day",352756460000,352756460000,352756460000,1
2023-01-09,"ARA Basel","2022/23","IBV_gc_per_mL_WW",2.884,2.884,2.884,1
2023-01-11,"ARA Basel","2022/23","IAV_gc_per_day",1276296960000,1276296960000,1276296960000,1
2023-01-11,"ARA Basel","2022/23","IAV_gc_per_mL_WW",17.52,17.52,17.52,1
2023-01-11,"ARA Basel","2022/23","IBV_gc_per_day",810069760000,810069760000,810069760000,1
2023-01-11,"ARA Basel","2022/23","IBV_gc_per_mL_WW",11.12,11.12,11.12,1
2023-01-14,"ARA Basel","2022/23","IAV_gc_per_day",715493440000,715493440000,715493440000,1
2023-01-14,"ARA Basel","2022/23","IAV_gc_per_mL_WW",11.68,11.68,11.68,1
2023-01-14,"ARA Basel","2022/23","IBV_gc_per_day",100218088000,100218088000,100218088000,1
2023-01-14,"ARA Basel","2022/23","IBV_gc_per_mL_WW",1.636,1.636,1.636,1
2023-01-15,"ARA Basel","2022/23","IAV_gc_per_day",972535200000,972535200000,972535200000,1
2023-01-15,"ARA Basel","2022/23","IAV_gc_per_mL_WW",11.68,11.68,11.68,1
2023-01-15,"ARA Basel","2022/23","IBV_gc_per_day",136221540000,136221540000,136221540000,1
2023-01-15,"ARA Basel","2022/23","IBV_gc_per_mL_WW",1.636,1.636,1.636,1
2023-01-16,"ARA Basel","2022/23","IAV_gc_per_day",7.4594e+11,7.4594e+11,7.4594e+11,1
2023-01-16,"ARA Basel","2022/23","IAV_gc_per_mL_WW",9.88,9.88,9.88,1
2023-01-16,"ARA Basel","2022/23","IBV_gc_per_day",5.1944e+11,5.1944e+11,5.1944e+11,1
2023-01-16,"ARA Basel","2022/23","IBV_gc_per_mL_WW",6.88,6.88,6.88,1
2023-01-18,"ARA Basel","2022/23","IAV_gc_per_day",5.47352e+11,5.47352e+11,5.47352e+11,1
2023-01-18,"ARA Basel","2022/23","IAV_gc_per_mL_WW",11.08,11.08,11.08,1
2023-01-18,"ARA Basel","2022/23","IBV_gc_per_day",3.63584e+11,3.63584e+11,3.63584e+11,1
2023-01-18,"ARA Basel","2022/23","IBV_gc_per_mL_WW",7.36,7.36,7.36,1
2023-01-21,"ARA Basel","2022/23","IAV_gc_per_day",5.5047e+11,5.5047e+11,5.5047e+11,1
2023-01-21,"ARA Basel","2022/23","IAV_gc_per_mL_WW",7.08,7.08,7.08,1
2023-01-21,"ARA Basel","2022/23","IBV_gc_per_day",8.3037e+11,8.3037e+11,8.3037e+11,1
2023-01-21,"ARA Basel","2022/23","IBV_gc_per_mL_WW",10.68,10.68,10.68,1
2023-01-22,"ARA Basel","2022/23","IAV_gc_per_day",5.5047e+11,5.5047e+11,5.5047e+11,1
2023-01-22,"ARA Basel","2022/23","IAV_gc_per_mL_WW",7.08,7.08,7.08,1
2023-01-22,"ARA Basel","2022/23","IBV_gc_per_day",8.3037e+11,8.3037e+11,8.3037e+11,1
2023-01-22,"ARA Basel","2022/23","IBV_gc_per_mL_WW",10.68,10.68,10.68,1
2023-01-23,"ARA Basel","2022/23","IAV_gc_per_day",249820480000,249820480000,249820480000,1
2023-01-23,"ARA Basel","2022/23","IAV_gc_per_mL_WW",4.16,4.16,4.16,1
2023-01-23,"ARA Basel","2022/23","IBV_gc_per_day",802308080000,802308080000,802308080000,1
2023-01-23,"ARA Basel","2022/23","IBV_gc_per_mL_WW",13.36,13.36,13.36,1
2023-01-25,"ARA Basel","2022/23","IAV_gc_per_day",462789440000,462789440000,462789440000,1
2023-01-25,"ARA Basel","2022/23","IAV_gc_per_mL_WW",7.36,7.36,7.36,1
2023-01-25,"ARA Basel","2022/23","IBV_gc_per_day",933124360000,933124360000,933124360000,1
2023-01-25,"ARA Basel","2022/23","IBV_gc_per_mL_WW",14.84,14.84,14.84,1
2023-01-28,"ARA Basel","2022/23","IAV_gc_per_day",394453920000,394453920000,394453920000,1
2023-01-28,"ARA Basel","2022/23","IAV_gc_per_mL_WW",7.44,7.44,7.44,1
2023-01-28,"ARA Basel","2022/23","IBV_gc_per_day",884340240000,884340240000,884340240000,1
2023-01-28,"ARA Basel","2022/23","IBV_gc_per_mL_WW",16.68,16.68,16.68,1
2023-01-29,"ARA Basel","2022/23","IAV_gc_per_day",443758800000,443758800000,443758800000,1
2023-01-29,"ARA Basel","2022/23","IAV_gc_per_mL_WW",7.44,7.44,7.44,1
2023-01-29,"ARA Basel","2022/23","IBV_gc_per_day",994878600000,994878600000,994878600000,1
2023-01-29,"ARA Basel","2022/23","IBV_gc_per_mL_WW",16.68,16.68,16.68,1
2023-01-30,"ARA Basel","2022/23","IAV_gc_per_day",1491604400000,1491604400000,1491604400000,1
2023-01-30,"ARA Basel","2022/23","IAV_gc_per_mL_WW",23.44,23.44,23.44,1
2023-01-30,"ARA Basel","2022/23","IBV_gc_per_day",5.116254e+12,5.116254e+12,5.116254e+12,1
2023-01-30,"ARA Basel","2022/23","IBV_gc_per_mL_WW",80.4,80.4,80.4,1
2023-02-01,"ARA Basel","2022/23","IAV_gc_per_day",2673311200000,2673311200000,2673311200000,1
2023-02-01,"ARA Basel","2022/23","IAV_gc_per_mL_WW",47.6,47.6,47.6,1
2023-02-01,"ARA Basel","2022/23","IBV_gc_per_day",2.358804e+12,2.358804e+12,2.358804e+12,1
2023-02-01,"ARA Basel","2022/23","IBV_gc_per_mL_WW",42,42,42,1
2023-02-04,"ARA Basel","2022/23","IAV_gc_per_day",1580442840000,1580442840000,1580442840000,1
2023-02-04,"ARA Basel","2022/23","IAV_gc_per_mL_WW",29.16,29.16,29.16,1
2023-02-04,"ARA Basel","2022/23","IBV_gc_per_day",2254678400000,2254678400000,2254678400000,1
2023-02-04,"ARA Basel","2022/23","IBV_gc_per_mL_WW",41.6,41.6,41.6,1
2023-02-05,"ARA Basel","2022/23","IAV_gc_per_day",1876854240000,1876854240000,1876854240000,1
2023-02-05,"ARA Basel","2022/23","IAV_gc_per_mL_WW",29.16,29.16,29.16,1
2023-02-05,"ARA Basel","2022/23","IBV_gc_per_day",2677542400000,2677542400000,2677542400000,1
2023-02-05,"ARA Basel","2022/23","IBV_gc_per_mL_WW",41.6,41.6,41.6,1
2023-02-06,"ARA Basel","2022/23","IAV_gc_per_day",695673600000,695673600000,695673600000,1
2023-02-06,"ARA Basel","2022/23","IAV_gc_per_mL_WW",12.16,12.16,12.16,1
2023-02-06,"ARA Basel","2022/23","IBV_gc_per_day",2.929152e+12,2.929152e+12,2.929152e+12,1
2023-02-06,"ARA Basel","2022/23","IBV_gc_per_mL_WW",51.2,51.2,51.2,1
2023-02-08,"ARA Basel","2022/23","IAV_gc_per_day",1911594720000,1911594720000,1911594720000,1
2023-02-08,"ARA Basel","2022/23","IAV_gc_per_mL_WW",33.36,33.36,33.36,1
2023-02-08,"ARA Basel","2022/23","IBV_gc_per_day",3185991200000,3185991200000,3185991200000,1
2023-02-08,"ARA Basel","2022/23","IBV_gc_per_mL_WW",55.6,55.6,55.6,1
2023-02-12,"ARA Basel","2022/23","IAV_gc_per_day",1.47546e+12,1.47546e+12,1.47546e+12,1
2023-02-12,"ARA Basel","2022/23","IAV_gc_per_mL_WW",28,28,28,1
2023-02-12,"ARA Basel","2022/23","IBV_gc_per_day",6.618492e+12,6.618492e+12,6.618492e+12,1
2023-02-12,"ARA Basel","2022/23","IBV_gc_per_mL_WW",125.6,125.6,125.6,1
2023-02-13,"ARA Basel","2022/23","IAV_gc_per_day",2542680800000,2542680800000,2542680800000,1
2023-02-13,"ARA Basel","2022/23","IAV_gc_per_mL_WW",45.2,45.2,45.2,1
2023-02-13,"ARA Basel","2022/23","IBV_gc_per_day",9090646400000,9090646400000,9090646400000,1
2023-02-13,"ARA Basel","2022/23","IBV_gc_per_mL_WW",161.6,161.6,161.6,1
2023-02-15,"ARA Basel","2022/23","IAV_gc_per_day",2252584800000,2252584800000,2252584800000,1
2023-02-15,"ARA Basel","2022/23","IAV_gc_per_mL_WW",38.16,38.16,38.16,1
2023-02-15,"ARA Basel","2022/23","IBV_gc_per_day",1.0082324e+13,1.0082324e+13,1.0082324e+13,1
2023-02-15,"ARA Basel","2022/23","IBV_gc_per_mL_WW",170.8,170.8,170.8,1
2023-02-19,"ARA Basel","2022/23","IAV_gc_per_day",657051280000,657051280000,657051280000,1
2023-02-19,"ARA Basel","2022/23","IAV_gc_per_mL_WW",12.56,12.56,12.56,1
2023-02-19,"ARA Basel","2022/23","IBV_gc_per_day",5377776400000,5377776400000,5377776400000,1
2023-02-19,"ARA Basel","2022/23","IBV_gc_per_mL_WW",102.8,102.8,102.8,1
2023-02-20,"ARA Basel","2022/23","IAV_gc_per_day",260966400000,260966400000,260966400000,1
2023-02-20,"ARA Basel","2022/23","IAV_gc_per_mL_WW",5.12,5.12,5.12,1
2023-02-20,"ARA Basel","2022/23","IBV_gc_per_day",1.488324e+12,1.488324e+12,1.488324e+12,1
2023-02-20,"ARA Basel","2022/23","IBV_gc_per_mL_WW",29.2,29.2,29.2,1
2023-02-22,"ARA Basel","2022/23","IAV_gc_per_day",545775360000,545775360000,545775360000,1
2023-02-22,"ARA Basel","2022/23","IAV_gc_per_mL_WW",9.28,9.28,9.28,1
2023-02-22,"ARA Basel","2022/23","IBV_gc_per_day",1792589760000,1792589760000,1792589760000,1
2023-02-22,"ARA Basel","2022/23","IBV_gc_per_mL_WW",30.48,30.48,30.48,1
2023-02-26,"ARA Basel","2022/23","IAV_gc_per_day",82301336000,82301336000,82301336000,1
2023-02-26,"ARA Basel","2022/23","IAV_gc_per_mL_WW",1.432,1.432,1.432,1
2023-02-26,"ARA Basel","2022/23","IBV_gc_per_day",1390846600000,1390846600000,1390846600000,1
2023-02-26,"ARA Basel","2022/23","IBV_gc_per_mL_WW",24.2,24.2,24.2,1
2023-02-27,"ARA Basel","2022/23","IAV_gc_per_day",379640320000,379640320000,379640320000,1
2023-02-27,"ARA Basel","2022/23","IAV_gc_per_mL_WW",6.56,6.56,6.56,1
2023-02-27,"ARA Basel","2022/23","IBV_gc_per_day",2.662112e+12,2.662112e+12,2.662112e+12,1
2023-02-27,"ARA Basel","2022/23","IBV_gc_per_mL_WW",46,46,46,1
2023-03-01,"ARA Basel","2022/23","IAV_gc_per_day",807007680000,807007680000,807007680000,1
2023-03-01,"ARA Basel","2022/23","IAV_gc_per_mL_WW",12.72,12.72,12.72,1
2023-03-01,"ARA Basel","2022/23","IBV_gc_per_day",3121444800000,3121444800000,3121444800000,1
2023-03-01,"ARA Basel","2022/23","IBV_gc_per_mL_WW",49.2,49.2,49.2,1
2023-03-04,"ARA Basel","2022/23","IAV_gc_per_day",5.7057e+11,5.7057e+11,5.7057e+11,1
2023-03-04,"ARA Basel","2022/23","IAV_gc_per_mL_WW",11,11,11,1
2023-03-04,"ARA Basel","2022/23","IBV_gc_per_day",3.444168e+12,3.444168e+12,3.444168e+12,1
2023-03-04,"ARA Basel","2022/23","IBV_gc_per_mL_WW",66.4,66.4,66.4,1
2023-03-05,"ARA Basel","2022/23","IAV_gc_per_day",839692800000,839692800000,839692800000,1
2023-03-05,"ARA Basel","2022/23","IAV_gc_per_mL_WW",15.76,15.76,15.76,1
2023-03-05,"ARA Basel","2022/23","IBV_gc_per_day",2.898432e+12,2.898432e+12,2.898432e+12,1
2023-03-05,"ARA Basel","2022/23","IBV_gc_per_mL_WW",54.4,54.4,54.4,1
2023-03-06,"ARA Basel","2022/23","IAV_gc_per_day",2288114920000,2288114920000,2288114920000,1
2023-03-06,"ARA Basel","2022/23","IAV_gc_per_mL_WW",37.96,37.96,37.96,1
2023-03-06,"ARA Basel","2022/23","IBV_gc_per_day",9306768800000,9306768800000,9306768800000,1
2023-03-06,"ARA Basel","2022/23","IBV_gc_per_mL_WW",154.4,154.4,154.4,1
2023-03-08,"ARA Basel","2022/23","IAV_gc_per_day",3813264800000,3813264800000,3813264800000,1
2023-03-08,"ARA Basel","2022/23","IAV_gc_per_mL_WW",53.6,53.6,53.6,1
2023-03-08,"ARA Basel","2022/23","IBV_gc_per_day",1.4797744e+13,1.4797744e+13,1.4797744e+13,1
2023-03-08,"ARA Basel","2022/23","IBV_gc_per_mL_WW",208,208,208,1
2023-03-11,"ARA Basel","2022/23","IAV_gc_per_day",3223108280000,3223108280000,3223108280000,1
2023-03-11,"ARA Basel","2022/23","IAV_gc_per_mL_WW",36.68,36.68,36.68,1
2023-03-11,"ARA Basel","2022/23","IBV_gc_per_day",1.0017294e+13,1.0017294e+13,1.0017294e+13,1
2023-03-11,"ARA Basel","2022/23","IBV_gc_per_mL_WW",114,114,114,1
2023-03-12,"ARA Basel","2022/23","IAV_gc_per_day",2721289200000,2721289200000,2721289200000,1
2023-03-12,"ARA Basel","2022/23","IAV_gc_per_mL_WW",36.68,36.68,36.68,1
2023-03-12,"ARA Basel","2022/23","IBV_gc_per_day",8.45766e+12,8.45766e+12,8.45766e+12,1
2023-03-12,"ARA Basel","2022/23","IBV_gc_per_mL_WW",114,114,114,1
2023-03-15,"ARA Basel","2022/23","IAV_gc_per_day",4.510752e+12,4.510752e+12,4.510752e+12,1
2023-03-15,"ARA Basel","2022/23","IAV_gc_per_mL_WW",60.8,60.8,60.8,1
2023-03-15,"ARA Basel","2022/23","IBV_gc_per_day",1.3769664e+13,1.3769664e+13,1.3769664e+13,1
2023-03-15,"ARA Basel","2022/23","IBV_gc_per_mL_WW",185.6,185.6,185.6,1
2023-03-19,"ARA Basel","2022/23","IAV_gc_per_day",2359115200000,2359115200000,2359115200000,1
2023-03-19,"ARA Basel","2022/23","IAV_gc_per_mL_WW",30.16,30.16,30.16,1
2023-03-19,"ARA Basel","2022/23","IBV_gc_per_day",8.6042e+12,8.6042e+12,8.6042e+12,1
2023-03-19,"ARA Basel","2022/23","IBV_gc_per_mL_WW",110,110,110,1
2023-03-21,"ARA Basel","2022/23","IAV_gc_per_day",2.33802e+12,2.33802e+12,2.33802e+12,1
2023-03-21,"ARA Basel","2022/23","IAV_gc_per_mL_WW",36,36,36,1
2023-03-21,"ARA Basel","2022/23","IBV_gc_per_day",1.3742362e+13,1.3742362e+13,1.3742362e+13,1
2023-03-21,"ARA Basel","2022/23","IBV_gc_per_mL_WW",211.6,211.6,211.6,1
2023-03-22,"ARA Basel","2022/23","IAV_gc_per_day",1312414200000,1312414200000,1312414200000,1
2023-03-22,"ARA Basel","2022/23","IAV_gc_per_mL_WW",20.2,20.2,20.2,1
2023-03-22,"ARA Basel","2022/23","IBV_gc_per_day",12422455200000,12422455200000,12422455200000,1
2023-03-22,"ARA Basel","2022/23","IBV_gc_per_mL_WW",191.2,191.2,191.2,1
2023-03-24,"ARA Basel","2022/23","IAV_gc_per_day",1474491200000,1474491200000,1474491200000,1
2023-03-24,"ARA Basel","2022/23","IAV_gc_per_mL_WW",18.2,18.2,18.2,1
2023-03-24,"ARA Basel","2022/23","IBV_gc_per_day",7.939568e+12,7.939568e+12,7.939568e+12,1
2023-03-24,"ARA Basel","2022/23","IBV_gc_per_mL_WW",98,98,98,1
2023-03-25,"ARA Basel","2022/23","IAV_gc_per_day",2770657280000,2770657280000,2770657280000,1
2023-03-25,"ARA Basel","2022/23","IAV_gc_per_mL_WW",31.28,31.28,31.28,1
2023-03-25,"ARA Basel","2022/23","IBV_gc_per_day",1.4349312e+13,1.4349312e+13,1.4349312e+13,1
2023-03-25,"ARA Basel","2022/23","IBV_gc_per_mL_WW",162,162,162,1
2023-03-26,"ARA Basel","2022/23","IAV_gc_per_day",2512534720000,2512534720000,2512534720000,1
2023-03-26,"ARA Basel","2022/23","IAV_gc_per_mL_WW",31.28,31.28,31.28,1
2023-03-26,"ARA Basel","2022/23","IBV_gc_per_day",1.3012488e+13,1.3012488e+13,1.3012488e+13,1
2023-03-26,"ARA Basel","2022/23","IBV_gc_per_mL_WW",162,162,162,1
2023-03-28,"ARA Basel","2022/23","IAV_gc_per_day",1.982288e+12,1.982288e+12,1.982288e+12,1
2023-03-28,"ARA Basel","2022/23","IAV_gc_per_mL_WW",30.8,30.8,30.8,1
2023-03-28,"ARA Basel","2022/23","IBV_gc_per_day",1.0709504e+13,1.0709504e+13,1.0709504e+13,1
2023-03-28,"ARA Basel","2022/23","IBV_gc_per_mL_WW",166.4,166.4,166.4,1
2023-03-30,"ARA Basel","2022/23","IAV_gc_per_day",2887340800000,2887340800000,2887340800000,1
2023-03-30,"ARA Basel","2022/23","IAV_gc_per_mL_WW",38.8,38.8,38.8,1
2023-03-30,"ARA Basel","2022/23","IBV_gc_per_day",12769785600000,12769785600000,12769785600000,1
2023-03-30,"ARA Basel","2022/23","IBV_gc_per_mL_WW",171.6,171.6,171.6,1
2023-04-02,"ARA Basel","2022/23","IAV_gc_per_day",4720934400000,4720934400000,4720934400000,1
2023-04-02,"ARA Basel","2022/23","IAV_gc_per_mL_WW",58.8,58.8,58.8,1
2023-04-02,"ARA Basel","2022/23","IBV_gc_per_day",10822822400000,10822822400000,10822822400000,1
2023-04-02,"ARA Basel","2022/23","IBV_gc_per_mL_WW",134.8,134.8,134.8,1
2023-04-03,"ARA Basel","2022/23","IAV_gc_per_day",6618038400000,6618038400000,6618038400000,1
2023-04-03,"ARA Basel","2022/23","IAV_gc_per_mL_WW",77.6,77.6,77.6,1
2023-04-03,"ARA Basel","2022/23","IBV_gc_per_day",1.3133736e+13,1.3133736e+13,1.3133736e+13,1
2023-04-03,"ARA Basel","2022/23","IBV_gc_per_mL_WW",154,154,154,1
2023-04-04,"ARA Basel","2022/23","IAV_gc_per_day",4238679600000,4238679600000,4238679600000,1
2023-04-04,"ARA Basel","2022/23","IAV_gc_per_mL_WW",68.4,68.4,68.4,1
2023-04-04,"ARA Basel","2022/23","IBV_gc_per_day",11724534800000,11724534800000,11724534800000,1
2023-04-04,"ARA Basel","2022/23","IBV_gc_per_mL_WW",189.2,189.2,189.2,1
2023-04-09,"ARA Basel","2022/23","IAV_gc_per_day",2039095880000,2039095880000,2039095880000,1
2023-04-09,"ARA Basel","2022/23","IAV_gc_per_mL_WW",39.32,39.32,39.32,1
2023-04-09,"ARA Basel","2022/23","IBV_gc_per_day",4.874746e+12,4.874746e+12,4.874746e+12,1
2023-04-09,"ARA Basel","2022/23","IBV_gc_per_mL_WW",94,94,94,1
2023-04-10,"ARA Basel","2022/23","IAV_gc_per_day",1.796025e+12,1.796025e+12,1.796025e+12,1
2023-04-10,"ARA Basel","2022/23","IAV_gc_per_mL_WW",33,33,33,1
2023-04-10,"ARA Basel","2022/23","IBV_gc_per_day",7.81543e+12,7.81543e+12,7.81543e+12,1
2023-04-10,"ARA Basel","2022/23","IBV_gc_per_mL_WW",143.6,143.6,143.6,1
2023-04-12,"ARA Basel","2022/23","IAV_gc_per_day",9367752800000,9367752800000,9367752800000,1
2023-04-12,"ARA Basel","2022/23","IAV_gc_per_mL_WW",128.8,128.8,128.8,1
2023-04-12,"ARA Basel","2022/23","IBV_gc_per_day",11666052400000,11666052400000,11666052400000,1
2023-04-12,"ARA Basel","2022/23","IBV_gc_per_mL_WW",160.4,160.4,160.4,1
2023-04-14,"ARA Basel","2022/23","IAV_gc_per_day",1202529240000,1202529240000,1202529240000,1
2023-04-14,"ARA Basel","2022/23","IAV_gc_per_mL_WW",19.56,19.56,19.56,1
2023-04-14,"ARA Basel","2022/23","IBV_gc_per_day",13549971600000,13549971600000,13549971600000,1
2023-04-14,"ARA Basel","2022/23","IBV_gc_per_mL_WW",220.4,220.4,220.4,1
2023-04-15,"ARA Basel","2022/23","IAV_gc_per_day",1375226400000,1375226400000,1375226400000,1
2023-04-15,"ARA Basel","2022/23","IAV_gc_per_mL_WW",17.4,17.4,17.4,1
2023-04-15,"ARA Basel","2022/23","IBV_gc_per_day",7366155200000,7366155200000,7366155200000,1
2023-04-15,"ARA Basel","2022/23","IBV_gc_per_mL_WW",93.2,93.2,93.2,1
2023-04-16,"ARA Basel","2022/23","IAV_gc_per_day",1224733800000,1224733800000,1224733800000,1
2023-04-16,"ARA Basel","2022/23","IAV_gc_per_mL_WW",17.4,17.4,17.4,1
2023-04-16,"ARA Basel","2022/23","IBV_gc_per_day",6560068400000,6560068400000,6560068400000,1
2023-04-16,"ARA Basel","2022/23","IBV_gc_per_mL_WW",93.2,93.2,93.2,1
2023-04-17,"ARA Basel","2022/23","IAV_gc_per_day",0,0,0,1
2023-04-17,"ARA Basel","2022/23","IAV_gc_per_mL_WW",0,0,0,1
2023-04-17,"ARA Basel","2022/23","IBV_gc_per_day",312708480000,312708480000,312708480000,1
2023-04-17,"ARA Basel","2022/23","IBV_gc_per_mL_WW",4.48,4.48,4.48,1
2023-04-19,"ARA Basel","2022/23","IAV_gc_per_day",59278560000,59278560000,59278560000,1
2023-04-19,"ARA Basel","2022/23","IAV_gc_per_mL_WW",0.88,0.88,0.88,1
2023-04-19,"ARA Basel","2022/23","IBV_gc_per_day",511951200000,511951200000,511951200000,1
2023-04-19,"ARA Basel","2022/23","IBV_gc_per_mL_WW",7.6,7.6,7.6,1
2023-04-21,"ARA Basel","2022/23","IAV_gc_per_day",0,0,0,1
2023-04-21,"ARA Basel","2022/23","IAV_gc_per_mL_WW",0,0,0,1
2023-04-21,"ARA Basel","2022/23","IBV_gc_per_day",453993520000,453993520000,453993520000,1
2023-04-21,"ARA Basel","2022/23","IBV_gc_per_mL_WW",6.92,6.92,6.92,1
2023-04-23,"ARA Basel","2022/23","IAV_gc_per_day",33661996000,33661996000,33661996000,1
2023-04-23,"ARA Basel","2022/23","IAV_gc_per_mL_WW",0.548,0.548,0.548,1
2023-04-23,"ARA Basel","2022/23","IBV_gc_per_day",280107120000,280107120000,280107120000,1
2023-04-23,"ARA Basel","2022/23","IBV_gc_per_mL_WW",4.56,4.56,4.56,1
2023-04-25,"ARA Basel","2022/23","IAV_gc_per_day",99670340000,99670340000,99670340000,1
2023-04-25,"ARA Basel","2022/23","IAV_gc_per_mL_WW",1.22,1.22,1.22,1
2023-04-25,"ARA Basel","2022/23","IBV_gc_per_day",303912840000,303912840000,303912840000,1
2023-04-25,"ARA Basel","2022/23","IBV_gc_per_mL_WW",3.72,3.72,3.72,1
2023-04-27,"ARA Basel","2022/23","IAV_gc_per_day",137942448000,137942448000,137942448000,1
2023-04-27,"ARA Basel","2022/23","IAV_gc_per_mL_WW",2.104,2.104,2.104,1
2023-04-27,"ARA Basel","2022/23","IBV_gc_per_day",256740792000,256740792000,256740792000,1
2023-04-27,"ARA Basel","2022/23","IBV_gc_per_mL_WW",3.916,3.916,3.916,1
2023-04-28,"ARA Basel","2022/23","IAV_gc_per_day",0,0,0,1
2023-04-28,"ARA Basel","2022/23","IAV_gc_per_mL_WW",0,0,0,1
2023-04-28,"ARA Basel","2022/23","IBV_gc_per_day",307174512000,307174512000,307174512000,1
2023-04-28,"ARA Basel","2022/23","IBV_gc_per_mL_WW",3.508,3.508,3.508,1
2023-04-29,"ARA Basel","2022/23","IAV_gc_per_day",0,0,0,1
2023-04-29,"ARA Basel","2022/23","IAV_gc_per_mL_WW",0,0,0,1
2023-04-29,"ARA Basel","2022/23","IBV_gc_per_day",308318120000,308318120000,308318120000,1
2023-04-29,"ARA Basel","2022/23","IBV_gc_per_mL_WW",3.508,3.508,3.508,1
2023-04-30,"ARA Basel","2022/23","IAV_gc_per_day",0,0,0,1
2023-04-30,"ARA Basel","2022/23","IAV_gc_per_mL_WW",0,0,0,1
2023-04-30,"ARA Basel","2022/23","IBV_gc_per_day",211135996000,211135996000,211135996000,1
2023-04-30,"ARA Basel","2022/23","IBV_gc_per_mL_WW",3.508,3.508,3.508,1
2023-05-01,"ARA Basel","2022/23","IAV_gc_per_day",111894024000,111894024000,111894024000,1
2023-05-01,"ARA Basel","2022/23","IAV_gc_per_mL_WW",1.272,1.272,1.272,1
2023-05-01,"ARA Basel","2022/23","IBV_gc_per_day",206898384000,206898384000,206898384000,1
2023-05-01,"ARA Basel","2022/23","IBV_gc_per_mL_WW",2.352,2.352,2.352,1
2023-05-02,"ARA Basel","2022/23","IAV_gc_per_day",44044584000,44044584000,44044584000,1
2023-05-02,"ARA Basel","2022/23","IAV_gc_per_mL_WW",0.456,0.456,0.456,1
2023-05-02,"ARA Basel","2022/23","IBV_gc_per_day",114747732000,114747732000,114747732000,1
2023-05-02,"ARA Basel","2022/23","IBV_gc_per_mL_WW",1.188,1.188,1.188,1
2023-05-04,"ARA Basel","2022/23","IAV_gc_per_day",360873560000,360873560000,360873560000,1
2023-05-04,"ARA Basel","2022/23","IAV_gc_per_mL_WW",5.24,5.24,5.24,1
2023-05-04,"ARA Basel","2022/23","IBV_gc_per_day",98069456000,98069456000,98069456000,1
2023-05-04,"ARA Basel","2022/23","IBV_gc_per_mL_WW",1.424,1.424,1.424,1
2023-05-05,"ARA Basel","2022/23","IAV_gc_per_day",9.3379e+11,9.3379e+11,9.3379e+11,1
2023-05-05,"ARA Basel","2022/23","IAV_gc_per_mL_WW",11.44,11.44,11.44,1
2023-05-05,"ARA Basel","2022/23","IBV_gc_per_day",5.64845e+11,5.64845e+11,5.64845e+11,1
2023-05-05,"ARA Basel","2022/23","IBV_gc_per_mL_WW",6.92,6.92,6.92,1
2023-05-06,"ARA Basel","2022/23","IAV_gc_per_day",38013248000,38013248000,38013248000,1
2023-05-06,"ARA Basel","2022/23","IAV_gc_per_mL_WW",0.488,0.488,0.488,1
2023-05-06,"ARA Basel","2022/23","IBV_gc_per_day",210007616000,210007616000,210007616000,1
2023-05-06,"ARA Basel","2022/23","IBV_gc_per_mL_WW",2.696,2.696,2.696,1
2023-05-07,"ARA Basel","2022/23","IAV_gc_per_day",37452536000,37452536000,37452536000,1
2023-05-07,"ARA Basel","2022/23","IAV_gc_per_mL_WW",0.488,0.488,0.488,1
2023-05-07,"ARA Basel","2022/23","IBV_gc_per_day",206909912000,206909912000,206909912000,1
2023-05-07,"ARA Basel","2022/23","IBV_gc_per_mL_WW",2.696,2.696,2.696,1
2023-05-08,"ARA Basel","2022/23","IAV_gc_per_day",83535348000,83535348000,83535348000,1
2023-05-08,"ARA Basel","2022/23","IAV_gc_per_mL_WW",0.884,0.884,0.884,1
2023-05-08,"ARA Basel","2022/23","IBV_gc_per_day",68415828000,68415828000,68415828000,1
2023-05-08,"ARA Basel","2022/23","IBV_gc_per_mL_WW",0.724,0.724,0.724,1
2023-05-10,"ARA Basel","2022/23","IAV_gc_per_day",69391080000,69391080000,69391080000,1
2023-05-10,"ARA Basel","2022/23","IAV_gc_per_mL_WW",0.648,0.648,0.648,1
2023-05-10,"ARA Basel","2022/23","IBV_gc_per_day",0,0,0,1
2023-05-10,"ARA Basel","2022/23","IBV_gc_per_mL_WW",0,0,0,1
2023-05-12,"ARA Basel","2022/23","IAV_gc_per_day",117228284000,117228284000,117228284000,1
2023-05-12,"ARA Basel","2022/23","IAV_gc_per_mL_WW",1.324,1.324,1.324,1
2023-05-12,"ARA Basel","2022/23","IBV_gc_per_day",216040040000,216040040000,216040040000,1
2023-05-12,"ARA Basel","2022/23","IBV_gc_per_mL_WW",2.44,2.44,2.44,1
2023-05-13,"ARA Basel","2022/23","IAV_gc_per_day",0,0,0,1
2023-05-13,"ARA Basel","2022/23","IAV_gc_per_mL_WW",0,0,0,1
2023-05-13,"ARA Basel","2022/23","IBV_gc_per_day",0,0,0,1
2023-05-13,"ARA Basel","2022/23","IBV_gc_per_mL_WW",0,0,0,1
2023-05-14,"ARA Basel","2022/23","IAV_gc_per_day",85836244000,85836244000,85836244000,1
2023-05-14,"ARA Basel","2022/23","IAV_gc_per_mL_WW",1.324,1.324,1.324,1
2023-05-14,"ARA Basel","2022/23","IBV_gc_per_day",158187640000,158187640000,158187640000,1
2023-05-14,"ARA Basel","2022/23","IBV_gc_per_mL_WW",2.44,2.44,2.44,1
2023-05-15,"ARA Basel","2022/23","IAV_gc_per_day",57084320000,57084320000,57084320000,1
2023-05-15,"ARA Basel","2022/23","IAV_gc_per_mL_WW",0.752,0.752,0.752,1
2023-05-15,"ARA Basel","2022/23","IBV_gc_per_day",0,0,0,1
2023-05-15,"ARA Basel","2022/23","IBV_gc_per_mL_WW",0,0,0,1
2023-05-16,"ARA Basel","2022/23","IAV_gc_per_day",0,0,0,1
2023-05-16,"ARA Basel","2022/23","IAV_gc_per_mL_WW",0,0,0,1
2023-05-16,"ARA Basel","2022/23","IBV_gc_per_day",59099460000,59099460000,59099460000,1
2023-05-16,"ARA Basel","2022/23","IBV_gc_per_mL_WW",0.892,0.892,0.892,1
2023-05-17,"ARA Basel","2022/23","IAV_gc_per_day",0,0,0,1
2023-05-17,"ARA Basel","2022/23","IAV_gc_per_mL_WW",0,0,0,1
2023-05-17,"ARA Basel","2022/23","IBV_gc_per_day",65414820000,65414820000,65414820000,1
2023-05-17,"ARA Basel","2022/23","IBV_gc_per_mL_WW",0.892,0.892,0.892,1
2023-05-18,"ARA Basel","2022/23","IAV_gc_per_day",0,0,0,1
2023-05-18,"ARA Basel","2022/23","IAV_gc_per_mL_WW",0,0,0,1
2023-05-18,"ARA Basel","2022/23","IBV_gc_per_day",55175552000,55175552000,55175552000,1
2023-05-18,"ARA Basel","2022/23","IBV_gc_per_mL_WW",0.892,0.892,0.892,1
2023-05-19,"ARA Basel","2022/23","IAV_gc_per_day",36086160000,36086160000,36086160000,1
2023-05-19,"ARA Basel","2022/23","IAV_gc_per_mL_WW",0.528,0.528,0.528,1
2023-05-19,"ARA Basel","2022/23","IBV_gc_per_day",63697540000,63697540000,63697540000,1
2023-05-19,"ARA Basel","2022/23","IBV_gc_per_mL_WW",0.932,0.932,0.932,1
2023-05-20,"ARA Basel","2022/23","IAV_gc_per_day",30760224000,30760224000,30760224000,1
2023-05-20,"ARA Basel","2022/23","IAV_gc_per_mL_WW",0.528,0.528,0.528,1
2023-05-20,"ARA Basel","2022/23","IBV_gc_per_day",54296456000,54296456000,54296456000,1
2023-05-20,"ARA Basel","2022/23","IBV_gc_per_mL_WW",0.932,0.932,0.932,1
2023-05-21,"ARA Basel","2022/23","IAV_gc_per_day",31304592000,31304592000,31304592000,1
2023-05-21,"ARA Basel","2022/23","IAV_gc_per_mL_WW",0.528,0.528,0.528,1
2023-05-21,"ARA Basel","2022/23","IBV_gc_per_day",55257348000,55257348000,55257348000,1
2023-05-21,"ARA Basel","2022/23","IBV_gc_per_mL_WW",0.932,0.932,0.932,1
